file,source_url,author,licence,licence_url,wikidata_qid,commons_title,scientific_name,fetched
species/adansons_jumping_spider/wikimedia_01.jpg,https://commons.wikimedia.org/wiki/File:Hasarius_adansoni_(House_Jumping_Spider).jpg,Nhobgood Nick Hobgood,CC BY-SA 3.0,https://creativecommons.org/licenses/by-sa/3.0,Q1058728,Hasarius adansoni (House Jumping Spider).jpg,Hasarius adansoni,2026-09-13
species/aloe_vera/wikimedia_01.jpg,https://commons.wikimedia.org/wiki/File:Starr_011104-0040_Aloe_vera.jpg,Forest & Kim Starr,CC BY 3.0,https://creativecommons.org/licenses/by/3.0,Q80079,Starr 011104-0040 Aloe vera.jpg,Aloe vera,2026-09-13
species/amaltas/wikimedia_01.jpg,https://commons.wikimedia.org/wiki/File:Cassia_fistula_(1).JPG,Delonix,CC BY-SA 3.0,https://creativecommons.org/licenses/by-sa/3.0,Q161117,Cassia fistula (1).JPG,Cassia fistula,2026-09-13
species/american_cockroach/wikimedia_01.jpg,https://commons.wikimedia.org/wiki/File:American-cockroach.jpg,Gary Alpert,CC BY 2.5,https://creativecommons.org/licenses/by/2.5,Q267996,American-cockroach.jpg,Periplaneta americana,2026-09-13
species/amla/wikimedia_01.jpg,https://commons.wikimedia.org/wiki/File:Indian_Gooseberry.jpg,In Transit,CC BY-SA 4.0,https://creativecommons.org/licenses/by-sa/4.0,Q310050,Indian Gooseberry.jpg,Phyllanthus emblica,2026-09-13
species/apple_snail/wikimedia_01.jpg,https://commons.wikimedia.org/wiki/File:Ampullaria_globosa_var_minor_(10.3897-zse.96.47792)_Figure_8.jpg,"Tripathy B, Sajan S, Cowie RH (2019) Illustrated catalogue of types of Ampullariidae Gray, 1824 (Mollusca, Gastropoda) in the National Zoological Collection of the Zoological Survey of India, with lectotype designations. Zoosystematics and Evolution 96(1): 1-23. https://doi.org/10.3897/zse.96.47792",CC0,http://creativecommons.org/publicdomain/zero/1.0/deed.en,Q25652156,Ampullaria globosa var minor (10.3897-zse.96.47792) Figure 8.jpg,Pila globosa,2026-09-13
species/arjun/wikimedia_01.jpg,https://commons.wikimedia.org/wiki/File:Fruit_I_IMG_9577.jpg,J.M.Garg,CC BY-SA 3.0,https://creativecommons.org/licenses/by-sa/3.0,Q2719381,Fruit I IMG 9577.jpg,Terminalia arjuna,2026-09-13
species/ashwagandha/wikimedia_01.jpg,https://commons.wikimedia.org/wiki/File:Withania_somnifera_1DS-II_3-7489.jpg,SAplants,CC BY-SA 4.0,https://creativecommons.org/licenses/by-sa/4.0,Q852660,Withania somnifera 1DS-II 3-7489.jpg,Withania somnifera,2026-09-13
species/ashy_prinia/wikimedia_01.jpg,https://commons.wikimedia.org/wiki/File:Ashy_Prinia_in_Ajodhya_Hills_July_2024_by_Tisha_Mukherjee_01.jpg,Tisha Mukherjee,CC BY-SA 4.0,https://creativecommons.org/licenses/by-sa/4.0,Q1590952,Ashy Prinia in Ajodhya Hills July 2024 by Tisha Mukherjee 01.jpg,Prinia socialis,2026-09-13
species/asian_grass_frog/wikimedia_01.jpg,https://commons.wikimedia.org/wiki/File:Fejervarya_limnocharis_(10.3897-evolsyst.2.27020)_Figure_2_(cropped).jpg,"Haas A, Boon-Hee K, Joseph A, bin Asri M, Das I, Hagmann R, Schwander L, Hertwig ST (2018) An updated checklist of the amphibian diversity of Maliau Basin Conservation Area, Sabah, Malaysia. Evolutionary Systematics 2: 89-114. https://doi.org/10.3897/evolsyst.2.27020",CC BY 4.0,https://creativecommons.org/licenses/by/4.0,Q714589,Fejervarya limnocharis (10.3897-evolsyst.2.27020) Figure 2 (cropped).jpg,Fejervarya limnocharis,2026-09-13
species/asian_green_bee_eater/wikimedia_01.jpg,https://commons.wikimedia.org/wiki/File:Green_Bee-eater_(Merops_orientalis)_@_Madayippara.jpg,Vivek Puliyeri,CC BY-SA 4.0,https://creativecommons.org/licenses/by-sa/4.0,Q420840,Green Bee-eater (Merops orientalis) @ Madayippara.jpg,Merops orientalis,2026-09-13
species/asian_honey_bee/wikimedia_01.jpg,https://commons.wikimedia.org/wiki/File:Cerana.jpg,Charles Lam,CC BY-SA 2.0,https://creativecommons.org/licenses/by-sa/2.0,Q306939,Cerana.jpg,Apis cerana,2026-09-13
species/asian_house_shrew/wikimedia_01.jpg,https://commons.wikimedia.org/wiki/File:Suncus_cf.murinus_Satpura_NP_India.jpg,Davidvraju,CC0,http://creativecommons.org/publicdomain/zero/1.0/deed.en,Q1062541,Suncus cf.murinus Satpura NP India.jpg,Suncus murinus,2026-09-13
species/asian_koel/wikimedia_01.jpg,https://commons.wikimedia.org/wiki/File:Asian_koel.jpg,Challiyan,CC BY-SA 4.0,https://creativecommons.org/licenses/by-sa/4.0,Q798401,Asian koel.jpg,Eudynamys scolopaceus,2026-09-13
species/asian_openbill/wikimedia_01.jpg,https://commons.wikimedia.org/wiki/File:Asian_Openbill_(Anastomus_oscitans)_in_Kolkata_I_IMG_0495.jpg,J.M.Garg,CC BY-SA 3.0,https://creativecommons.org/licenses/by-sa/3.0,Q602496,Asian Openbill (Anastomus oscitans) in Kolkata I IMG 0495.jpg,Anastomus oscitans,2026-09-13
species/asian_palm_swift/wikimedia_01.jpg,https://commons.wikimedia.org/wiki/File:Asian_Palm_Swift_Cypsiurus_balasiensis_in_flight_02.JPG,Dr. Raju Kasambe,CC BY-SA 4.0,https://creativecommons.org/licenses/by-sa/4.0,Q31797,Asian Palm Swift Cypsiurus balasiensis in flight 02.JPG,Cypsiurus balasiensis,2026-09-13
species/asian_pied_starling/wikimedia_01.jpg,https://commons.wikimedia.org/wiki/File:Asian_Pied_Starling_I_IMG_5520.jpg,J.M.Garg,CC BY-SA 3.0,https://creativecommons.org/licenses/by-sa/3.0,Q27075597,Asian Pied Starling I IMG 5520.jpg,Gracupica contra,2026-09-13
species/azolla/wikimedia_01.jpg,https://commons.wikimedia.org/wiki/File:Azolla_pinnata3.jpg,Tpa2067,CC BY-SA 3.0,https://creativecommons.org/licenses/by-sa/3.0,Q2875199,Azolla pinnata3.jpg,Azolla pinnata,2026-09-13
species/babool/wikimedia_01.jpg,https://commons.wikimedia.org/wiki/File:Babool_(Acacia_nilotica)_flowers_at_Hodal_W_IMG_1163.jpg,J.M.Garg,CC BY-SA 3.0,https://creativecommons.org/licenses/by-sa/3.0,Q1621617,Babool (Acacia nilotica) flowers at Hodal W IMG 1163.jpg,Acacia nilotica,2026-09-13
species/ban_tulsi/wikimedia_01.jpg,https://commons.wikimedia.org/wiki/File:Croton_bonplandianum-Ban_tulsi.jpg,Renjusplace,CC BY-SA 3.0,https://creativecommons.org/licenses/by-sa/3.0,Q3004030,Croton bonplandianum-Ban tulsi.jpg,Croton bonplandianus,2026-09-13
species/banyan/wikimedia_01.jpg,https://commons.wikimedia.org/wiki/File:Banyantree.jpg,Ahoerstemeier,CC BY-SA 3.0,http://creativecommons.org/licenses/by-sa/3.0/,Q1405636,Banyantree.jpg,Ficus benghalensis,2026-09-13
species/barn_owl/wikimedia_01.jpg,https://commons.wikimedia.org/wiki/File:Tyto_alba_tylluan_wen_detail.jpg,User:Alun Williams333,CC BY-SA 4.0,https://creativecommons.org/licenses/by-sa/4.0,Q25317,Tyto alba tylluan wen detail.jpg,Tyto alba,2026-09-13
species/barn_swallow/wikimedia_01.jpg,https://commons.wikimedia.org/wiki/File:Barn_Swallow_(95504589).jpeg,Morhaf Aljanee,CC BY-SA 3.0,https://creativecommons.org/licenses/by-sa/3.0,Q25429,Barn Swallow (95504589).jpeg,Hirundo rustica,2026-09-13
species/bathua/wikimedia_01.jpg,https://commons.wikimedia.org/wiki/File:Melganzenvoet_bloeiwijze_Chenopodium_album.jpg,Rasbak,CC BY-SA 3.0,http://creativecommons.org/licenses/by-sa/3.0/,Q158610,Melganzenvoet bloeiwijze Chenopodium album.jpg,Chenopodium album,2026-09-13
species/baya_weaver/wikimedia_01.jpg,https://commons.wikimedia.org/wiki/File:Baya_Weaver_Ploceus_philippinus_by_Dr._Raju_Kasambe_DSCN0233_(17).jpg,Dr. Raju Kasambe,CC BY-SA 4.0,https://creativecommons.org/licenses/by-sa/4.0,Q1319774,Baya Weaver Ploceus philippinus by Dr. Raju Kasambe DSCN0233 (17).jpg,Ploceus philippinus,2026-09-13
species/bel/wikimedia_01.jpg,https://commons.wikimedia.org/wiki/File:Bael03_FSPark_Asit.jpg,Asit K. Ghosh Thaumaturgist,CC BY-SA 3.0,https://creativecommons.org/licenses/by-sa/3.0,Q234126,Bael03 FSPark Asit.jpg,Aegle marmelos,2026-09-13
species/ber/wikimedia_01.jpg,https://commons.wikimedia.org/wiki/File:Ziziphus_mauritiana_fruit_2.jpg,Ethel Aardvark,CC BY 3.0,https://creativecommons.org/licenses/by/3.0,Q327859,Ziziphus mauritiana fruit 2.jpg,Ziziphus mauritiana,2026-09-13
species/besharam/wikimedia_01.jpg,https://commons.wikimedia.org/wiki/File:Ipomoea_carnea_ssp.fistulosa_(8718273067).jpg,"Dick Culbert from Gibsons, B.C., Canada",CC BY 2.0,https://creativecommons.org/licenses/by/2.0,Q24877499,Ipomoea carnea ssp.fistulosa (8718273067).jpg,Ipomoea carnea subsp. fistulosa,2026-09-13
species/billygoat_weed/wikimedia_01.jpg,https://commons.wikimedia.org/wiki/File:Ageratum_conyzoides_1.jpg,Minghong,CC BY-SA 3.0,https://creativecommons.org/licenses/by-sa/3.0,Q1949712,Ageratum conyzoides 1.jpg,Ageratum conyzoides,2026-09-13
species/birds_nest_fungus/wikimedia_01.jpg,https://commons.wikimedia.org/wiki/File:Gestreifter_Teuerling01.jpg,Saharadesertfox,CC BY-SA 3.0,http://creativecommons.org/licenses/by-sa/3.0/,Q1519672,Gestreifter Teuerling01.jpg,Cyathus striatus,2026-09-13
species/bitter_gourd/wikimedia_01.jpg,https://commons.wikimedia.org/wiki/File:Feuilles_de_Marg%C3%B4zy.jpg,Morenga01,CC BY-SA 4.0,https://creativecommons.org/licenses/by-sa/4.0,Q428750,Feuilles de Margôzy.jpg,Momordica charantia,2026-09-13
species/black_crowned_night_heron/wikimedia_01.jpg,https://commons.wikimedia.org/wiki/File:Black-crowned_night_heron_in_PP_(36399).jpg,Rhododendrites,CC BY-SA 4.0,https://creativecommons.org/licenses/by-sa/4.0,Q126216,Black-crowned night heron in PP (36399).jpg,Nycticorax nycticorax,2026-09-13
species/black_drongo/wikimedia_01.jpg,"https://commons.wikimedia.org/wiki/File:Black_Drongo,_Sylhet_06.jpg",Fabian Roudra Baroi,CC BY-SA 4.0,https://creativecommons.org/licenses/by-sa/4.0,Q46435,"Black Drongo, Sylhet 06.jpg",Dicrurus macrocercus,2026-09-13
species/black_kite/wikimedia_01.jpg,https://commons.wikimedia.org/wiki/File:Milvus_migrans_front(ThKraft).jpg,Thomas Kraft ( ThKraft ),CC BY-SA 2.5,https://creativecommons.org/licenses/by-sa/2.5,Q80362,Milvus migrans front(ThKraft).jpg,Milvus migrans,2026-09-13
species/black_winged_kite/wikimedia_01.jpg,"https://commons.wikimedia.org/wiki/File:Black-shouldered_Kite_(Elanus_caeruleus)_in_Kawal_WS,_AP_W_IMG_1681.jpg",J.M.Garg,CC BY-SA 4.0,https://creativecommons.org/licenses/by-sa/4.0,Q27227,"Black-shouldered Kite (Elanus caeruleus) in Kawal WS, AP W IMG 1681.jpg",Elanus caeruleus,2026-09-13
species/black_winged_stilt/wikimedia_01.jpg,https://commons.wikimedia.org/wiki/File:Himantopus_himantopus_-_Pak_Thale.jpg,JJ Harrison ( https://www.jjharrison.com.au/ ),CC BY-SA 3.0,https://creativecommons.org/licenses/by-sa/3.0,Q178821,Himantopus himantopus - Pak Thale.jpg,Himantopus himantopus,2026-09-13
species/blue_dartlet/wikimedia_01.jpg,https://commons.wikimedia.org/wiki/File:Blue_riverdamsel_(Pseudagrion_microcephalum)_male_Cattana.jpg,Charles J. Sharp,CC BY-SA 4.0,https://creativecommons.org/licenses/by-sa/4.0,Q2845480,Blue riverdamsel (Pseudagrion microcephalum) male Cattana.jpg,Pseudagrion microcephalum,2026-09-13
species/blue_morning_glory/wikimedia_01.jpg,https://commons.wikimedia.org/wiki/File:Ipomoea_nil_Akatsukinoumi1.jpg,KENPEI,CC BY-SA 3.0,http://creativecommons.org/licenses/by-sa/3.0/,Q162117,Ipomoea nil Akatsukinoumi1.jpg,Ipomoea nil,2026-09-13
species/blue_water_lily/wikimedia_01.jpg,https://commons.wikimedia.org/wiki/File:South_Vietnam%27s_Water_Lily.JPG,Nguyễn Tấn Phát,CC BY-SA 3.0,https://creativecommons.org/licenses/by-sa/3.0,Q2663639,South Vietnam's Water Lily.JPG,Nymphaea nouchali,2026-09-13
species/bottle_gourd/wikimedia_01.jpg,https://commons.wikimedia.org/wiki/File:Courge_encore_verte.jpg,撮影者はカールおじさんです。,CC BY-SA 3.0,http://creativecommons.org/licenses/by-sa/3.0/,Q1277255,Courge encore verte.jpg,Lagenaria siceraria,2026-09-13
species/brahmi/wikimedia_01.jpg,https://commons.wikimedia.org/wiki/File:Starr_010818-0007_Bacopa_monnieri.jpg,Forest & Kim Starr,CC BY 3.0,https://creativecommons.org/licenses/by/3.0,Q1366575,Starr 010818-0007 Bacopa monnieri.jpg,Bacopa monnieri,2026-09-13
species/brahminy_kite/wikimedia_01.jpg,https://commons.wikimedia.org/wiki/File:Brahminy_kite_(Haliastur_indus_indus).jpg,Charles J. Sharp,CC BY-SA 4.0,https://creativecommons.org/licenses/by-sa/4.0,Q645755,Brahminy kite (Haliastur indus indus).jpg,Haliastur indus,2026-09-13
species/brahminy_starling/wikimedia_01.jpg,https://commons.wikimedia.org/wiki/File:Brahminy_starling_(Sturnia_pagodarum)_female.jpg,Charles J. Sharp,CC BY-SA 4.0,https://creativecommons.org/licenses/by-sa/4.0,Q1076571,Brahminy starling (Sturnia pagodarum) female.jpg,Sturnia pagodarum,2026-09-13
species/brinjal/wikimedia_01.jpg,https://commons.wikimedia.org/wiki/File:Solanum_melongena_24_08_2012_(1).JPG,Joydeep,CC BY-SA 3.0,https://creativecommons.org/licenses/by-sa/3.0,Q7540,Solanum melongena 24 08 2012 (1).JPG,Solanum melongena,2026-09-13
species/bronze_featherback/wikimedia_01.jpg,https://commons.wikimedia.org/wiki/File:Mystus_badgee.jpg,Swaine (printer),Public domain,,Q728564,Mystus badgee.jpg,Notopterus notopterus,2026-09-13
species/bronze_winged_jacana/wikimedia_01.jpg,https://commons.wikimedia.org/wiki/File:Bronze-winged_jacana_(Metopidius_indicus).jpg,Charles J. Sharp,CC BY-SA 4.0,https://creativecommons.org/licenses/by-sa/4.0,Q753755,Bronze-winged jacana (Metopidius indicus).jpg,Metopidius indicus,2026-09-13
species/brown_fish_owl/wikimedia_01.jpg,https://commons.wikimedia.org/wiki/File:Brown_fishing_owl.jpg,Somaskanda,CC BY-SA 3.0,https://creativecommons.org/licenses/by-sa/3.0,Q828255,Brown fishing owl.jpg,Ketupa zeylonensis,2026-09-13
species/buff_striped_keelback/wikimedia_01.jpg,https://commons.wikimedia.org/wiki/File:Buff_striped_keelback_David_Raju_(cropped).jpg,Davidvraju,CC BY-SA 4.0,https://creativecommons.org/licenses/by-sa/4.0,Q2384149,Buff striped keelback David Raju (cropped).jpg,Amphiesma stolatum,2026-09-13
species/burrowing_frog/wikimedia_01.jpg,https://commons.wikimedia.org/wiki/File:Tomopterna_breviceps.jpg,Muhammad Sharif Khan,CC BY-SA 2.5,https://creativecommons.org/licenses/by-sa/2.5,Q964464,Tomopterna breviceps.jpg,Sphaerotheca breviceps,2026-09-13
species/calotropis_gigantea/wikimedia_01.jpg,https://commons.wikimedia.org/wiki/File:(Arya)_Calotropis_gigantea_flower_Pilangsari_2019.jpg,Aris riyanto,CC BY-SA 4.0,https://creativecommons.org/licenses/by-sa/4.0,Q525166,(Arya) Calotropis gigantea flower Pilangsari 2019.jpg,Calotropis gigantea,2026-09-13
species/catla/wikimedia_01.jpg,https://commons.wikimedia.org/wiki/File:Catla_catla.JPG,Khalid Mahmood,CC BY-SA 4.0,https://creativecommons.org/licenses/by-sa/4.0,Q1051224,Catla catla.JPG,Catla catla,2026-09-13
species/cattail/wikimedia_01.jpg,https://commons.wikimedia.org/wiki/File:Lisdodde.jpg,Andrawaag,CC BY-SA 4.0,https://creativecommons.org/licenses/by-sa/4.0,Q147520,Lisdodde.jpg,Typha latifolia,2026-09-13
species/cattle_egret/wikimedia_01.jpg,"https://commons.wikimedia.org/wiki/File:Bubulcus_ibis_(Linnaeus,_1758)_5938046541_(3).jpg",iNaturalist.org (Patrick Le Mao),CC0,http://creativecommons.org/publicdomain/zero/1.0/deed.en,Q132669,"Bubulcus ibis (Linnaeus, 1758) 5938046541 (3).jpg",Bubulcus ibis,2026-09-13
species/cellar_spider/wikimedia_01.jpg,https://commons.wikimedia.org/wiki/File:Pholcus_phalangioides_MHNT_male.jpg,Didier Descouens,CC BY-SA 4.0,https://creativecommons.org/licenses/by-sa/4.0,Q1164137,Pholcus phalangioides MHNT male.jpg,Pholcus phalangioides,2026-09-13
species/chakramard/wikimedia_01.jpg,https://commons.wikimedia.org/wiki/File:Senna_tora_Blanco1.122-cropped.jpg,Francisco Manuel Blanco (O.S.A.),Public domain,,Q2739004,Senna tora Blanco1.122-cropped.jpg,Senna tora,2026-09-13
species/checkered_keelback/wikimedia_01.jpg,https://commons.wikimedia.org/wiki/File:Xenochrophis_piscator_sal.jpg,Saleem Hameed <saleemham at rediffmail.com>,CC BY 2.5,https://creativecommons.org/licenses/by/2.5,Q2717987,Xenochrophis piscator sal.jpg,Xenochrophis piscator,2026-09-13
species/chickpea/wikimedia_01.jpg,https://commons.wikimedia.org/wiki/File:Cicer_arietinum_HabitusFruits_BotGardBln0906a.jpg,unknown,CC BY-SA 3.0,http://creativecommons.org/licenses/by-sa/3.0/,Q81375,Cicer arietinum HabitusFruits BotGardBln0906a.jpg,Cicer arietinum,2026-09-13
species/chilli/wikimedia_01.jpg,https://commons.wikimedia.org/wiki/File:Capsicum_annuum_-_K%C3%B6hler%E2%80%93s_Medizinal-Pflanzen-027.jpg,"Franz Eugen Köhler, Köhler's Medizinal-Pflanzen",Public domain,,Q1380,Capsicum annuum - Köhler–s Medizinal-Pflanzen-027.jpg,Capsicum annuum,2026-09-13
species/chinaberry/wikimedia_01.jpg,https://commons.wikimedia.org/wiki/File:Chinaberry1216.JPG,unknown,CC BY-SA 3.0,http://creativecommons.org/licenses/by-sa/3.0/,Q162171,Chinaberry1216.JPG,Melia azedarach,2026-09-13
species/chirchita/wikimedia_01.jpg,https://commons.wikimedia.org/wiki/File:Achyranthes_aspera_kz1.jpg,"Krzysztof Ziarnek, Kenraiz",CC BY-SA 4.0,https://creativecommons.org/licenses/by-sa/4.0,Q3286822,Achyranthes aspera kz1.jpg,Achyranthes aspera,2026-09-13
species/common_coot/wikimedia_01.jpg,https://commons.wikimedia.org/wiki/File:Eurasian_Coot.jpg,Noodle snacks,CC BY-SA 3.0,https://creativecommons.org/licenses/by-sa/3.0,Q25376,Eurasian Coot.jpg,Fulica atra,2026-09-13
species/common_emigrant/wikimedia_01.jpg,https://commons.wikimedia.org/wiki/File:Common_Emigrant_(Catopsilia_pomona)_on_Catunaregam_spinosa_(Mountain_Pomegranate)_W_IMG_9102.jpg,J.M.Garg,CC BY 3.0,https://creativecommons.org/licenses/by/3.0,Q1768128,Common Emigrant (Catopsilia pomona) on Catunaregam spinosa (Mountain Pomegranate) W IMG 9102.jpg,Catopsilia pomona,2026-09-13
species/common_evening_brown/wikimedia_01.jpg,https://commons.wikimedia.org/wiki/File:Common_evening_brown.jpg,Ravi Vaidyanathan,CC BY 2.5,https://creativecommons.org/licenses/by/2.5,Q2715925,Common evening brown.jpg,Melanitis leda,2026-09-13
species/common_grass_yellow/wikimedia_01.jpg,https://commons.wikimedia.org/wiki/File:Eurema_hecabe.jpg,unknown,CC BY 2.5,https://creativecommons.org/licenses/by/2.5,Q1768465,Eurema hecabe.jpg,Eurema hecabe,2026-09-13
species/common_hoopoe/wikimedia_01.jpg,https://commons.wikimedia.org/wiki/File:Common_Hoopoe_Photograph_By_Shantanu_Kuveskar.jpg,Shantanu Kuveskar,CC BY-SA 3.0,https://creativecommons.org/licenses/by-sa/3.0,Q25247,Common Hoopoe Photograph By Shantanu Kuveskar.jpg,Upupa epops,2026-09-13
species/common_keeled_skink/wikimedia_01.jpg,https://commons.wikimedia.org/wiki/File:Eutropis_carinata_(3731585391).jpg,"Dinesh Valke from Thane, India",CC BY-SA 2.0,https://creativecommons.org/licenses/by-sa/2.0,Q3005681,Eutropis carinata (3731585391).jpg,Eutropis carinata,2026-09-13
species/common_kestrel/wikimedia_01.jpg,https://commons.wikimedia.org/wiki/File:Common_kestrel_falco_tinnunculus.jpg,Andreas Trepte,CC BY-SA 2.5,https://creativecommons.org/licenses/by-sa/2.5,Q26490,Common kestrel falco tinnunculus.jpg,Falco tinnunculus,2026-09-13
species/common_kingfisher/wikimedia_01.jpg,https://commons.wikimedia.org/wiki/File:Alcedo_Atthis.jpg,Artemy Voikhansky,CC BY-SA 4.0,https://creativecommons.org/licenses/by-sa/4.0,Q79915,Alcedo Atthis.jpg,Alcedo atthis,2026-09-13
species/common_krait/wikimedia_01.jpg,https://commons.wikimedia.org/wiki/File:Bungarus_caerulus.jpg,Jayendra Chiplunkar,CC BY-SA 3.0,https://creativecommons.org/licenses/by-sa/3.0,Q2910062,Bungarus caerulus.jpg,Bungarus caeruleus,2026-09-13
species/common_moorhen/wikimedia_01.jpg,"https://commons.wikimedia.org/wiki/File:Common_Moorhen_(Gallinula_chloropus_pyrrhorrhoa),_Mauritius.jpg","gailhampshire from Cradley, Malvern, U.K",CC BY 2.0,https://creativecommons.org/licenses/by/2.0,Q18847,"Common Moorhen (Gallinula chloropus pyrrhorrhoa), Mauritius.jpg",Gallinula chloropus,2026-09-13
species/common_myna/wikimedia_01.jpg,https://commons.wikimedia.org/wiki/File:Common_Myna_in_Rabindra_Sarobar_February_2025_by_Tisha_Mukherjee_01.jpg,Tisha Mukherjee,CC BY-SA 4.0,https://creativecommons.org/licenses/by-sa/4.0,Q116667,Common Myna in Rabindra Sarobar February 2025 by Tisha Mukherjee 01.jpg,Acridotheres tristis,2026-09-13
species/common_palm_civet/wikimedia_01.jpg,https://commons.wikimedia.org/wiki/File:Asian_palm_civet_in_Rabindra_Sarobar_October_2024_by_Tisha_Mukherjee_01.jpg,Tisha Mukherjee,CC BY-SA 4.0,https://creativecommons.org/licenses/by-sa/4.0,Q18764,Asian palm civet in Rabindra Sarobar October 2024 by Tisha Mukherjee 01.jpg,Paradoxurus hermaphroditus,2026-09-13
species/common_reed/wikimedia_01.jpg,https://commons.wikimedia.org/wiki/File:Phragmites_karka_(Retz.)_Trin..JPG,Show_ryu,CC BY-SA 3.0,https://creativecommons.org/licenses/by-sa/3.0,Q3381655,Phragmites karka (Retz.) Trin..JPG,Phragmites karka,2026-09-13
species/common_sand_boa/wikimedia_01.jpg,https://commons.wikimedia.org/wiki/File:Russells_Boa.jpg,Sandilya Theuerkauf,CC BY-SA 2.5,https://creativecommons.org/licenses/by-sa/2.5,Q2713605,Russells Boa.jpg,Eryx conicus,2026-09-13
species/common_sandpiper/wikimedia_01.jpg,https://commons.wikimedia.org/wiki/File:Actitis_hypoleucos_-_Laem_Pak_Bia.jpg,JJ Harrison ( https://www.jjharrison.com.au/ ),CC BY 3.0,https://creativecommons.org/licenses/by/3.0,Q18850,Actitis hypoleucos - Laem Pak Bia.jpg,Actitis hypoleucos,2026-09-13
species/common_tailorbird/wikimedia_01.jpg,https://commons.wikimedia.org/wiki/File:2005-tailor-bird.jpg,Yathin S Krishnappa,CC BY-SA 3.0,https://creativecommons.org/licenses/by-sa/3.0,Q795556,2005-tailor-bird.jpg,Orthotomus sutorius,2026-09-13
species/common_toad/wikimedia_01.jpg,"https://commons.wikimedia.org/wiki/File:Duttaphrynus_melanostictus_at_Niaosong_Wetland_Park,_Kaohsiung_2022-01-23_(cropped).jpg",LiCheng Shih,CC BY 2.0,https://creativecommons.org/licenses/by/2.0,Q28031739,"Duttaphrynus melanostictus at Niaosong Wetland Park, Kaohsiung 2022-01-23 (cropped).jpg",Duttaphrynus melanostictus,2026-09-13
species/common_wolf_snake/wikimedia_01.jpg,https://commons.wikimedia.org/wiki/File:Wolfsnake_rajukasambe.jpg,Raju Kasambe,CC BY-SA 2.5,https://creativecommons.org/licenses/by-sa/2.5,Q2717379,Wolfsnake rajukasambe.jpg,Lycodon aulicus,2026-09-13
species/cord_moss/wikimedia_01.jpg,https://commons.wikimedia.org/wiki/File:Funaria_hygrometrica1.jpg,unknown,CC BY-SA 3.0,http://creativecommons.org/licenses/by-sa/3.0/,Q140331,Funaria hygrometrica1.jpg,Funaria hygrometrica,2026-09-13
species/coriander/wikimedia_01.jpg,https://commons.wikimedia.org/wiki/File:Coriandrum_sativum_-_K%C3%B6hler%E2%80%93s_Medizinal-Pflanzen-193.jpg,"Franz Eugen Köhler, Köhler's Medizinal-Pflanzen",Public domain,,Q41611,Coriandrum sativum - Köhler–s Medizinal-Pflanzen-193.jpg,Coriandrum sativum,2026-09-13
species/crimson_marsh_glider/wikimedia_01.jpg,https://commons.wikimedia.org/wiki/File:Crimson_marsh_glider_(Trithemis_aurora)_female_Rajasthan.jpg,Charles J. Sharp,CC BY-SA 4.0,https://creativecommons.org/licenses/by-sa/4.0,Q1324208,Crimson marsh glider (Trithemis aurora) female Rajasthan.jpg,Trithemis aurora,2026-09-13
species/culex_mosquito/wikimedia_01.jpg,https://commons.wikimedia.org/wiki/File:Culex_quinquefasciatus_E-A-Goeldi_1905.jpg,"Own scan, slightly modified. Original by Emil August Goeldi (1859 - 1917).",Public domain,,Q3007100,Culex quinquefasciatus E-A-Goeldi 1905.jpg,Culex quinquefasciatus,2026-09-13
species/custard_apple/wikimedia_01.jpg,https://commons.wikimedia.org/wiki/File:Pomme_cannelle_ou_zato.jpg,Chirocca77,CC BY-SA 4.0,https://creativecommons.org/licenses/by-sa/4.0,Q275620,Pomme cannelle ou zato.jpg,Annona squamosa,2026-09-13
species/datura/wikimedia_01.jpg,https://commons.wikimedia.org/wiki/File:Datura_inoxia1SHSU.jpg,Shu Suehiro,CC BY 3.0,https://creativecommons.org/licenses/by/3.0,Q715019,Datura inoxia1SHSU.jpg,Datura metel,2026-09-13
species/deaths_head_hawkmoth/wikimedia_01.jpg,https://commons.wikimedia.org/wiki/File:Acherontia_lachesis_MHNT_Female_N%C3%AElg%C3%AEri_(Tamil_Nadu)_Dorsal.jpg,Didier Descouens,CC BY-SA 4.0,https://creativecommons.org/licenses/by-sa/4.0,Q134724,Acherontia lachesis MHNT Female Nîlgîri (Tamil Nadu) Dorsal.jpg,Acherontia lachesis,2026-09-13
species/ditch_jewel/wikimedia_01.jpg,https://commons.wikimedia.org/wiki/File:Ditch_Jewel_(Brachythemis_contaminata)-_female_W_IMG_0508.jpg,J.M.Garg,CC BY 3.0,https://creativecommons.org/licenses/by/3.0,Q2567986,Ditch Jewel (Brachythemis contaminata)- female W IMG 0508.jpg,Brachythemis contaminata,2026-09-13
species/doob_grass/wikimedia_01.jpg,https://commons.wikimedia.org/wiki/File:Cynodon_dactylon_RF.jpg,Robert Flogaus-Faust,CC BY 4.0,https://creativecommons.org/licenses/by/4.0,Q208705,Cynodon dactylon RF.jpg,Cynodon dactylon,2026-09-13
species/drumstick_tree/wikimedia_01.jpg,https://commons.wikimedia.org/wiki/File:Br%C3%A8des_mor%C3%B4ngo-ananambo.jpg,Chirocca77,CC0,http://creativecommons.org/publicdomain/zero/1.0/deed.en,Q234193,Brèdes morôngo-ananambo.jpg,Moringa oleifera,2026-09-13
species/duckweed/wikimedia_01.jpg,https://commons.wikimedia.org/wiki/File:Eendekroos_dicht_bijeen.JPG,unknown,CC BY-SA 3.0,http://creativecommons.org/licenses/by-sa/3.0/,Q26875,Eendekroos dicht bijeen.JPG,Lemna minor,2026-09-13
species/dung_beetle/wikimedia_01.jpg,https://commons.wikimedia.org/wiki/File:Heliocoprisdominus.JPG,Notafly,CC BY-SA 3.0,https://creativecommons.org/licenses/by-sa/3.0,Q14894621,Heliocoprisdominus.JPG,Heliocopris dominus,2026-09-13
species/dwarf_honey_bee/wikimedia_01.jpg,https://commons.wikimedia.org/wiki/File:Apis_florea_-_Rainer_Breitling_-_605336660.jpeg,Rainer Breitling,CC BY 4.0,https://creativecommons.org/licenses/by/4.0,Q244178,Apis florea - Rainer Breitling - 605336660.jpeg,Apis florea,2026-09-13
species/earleaf_acacia/wikimedia_01.jpg,https://commons.wikimedia.org/wiki/File:Acacia_auriculiformis_P5291433.jpg,Margaret Donald,CC BY-SA 2.0,https://creativecommons.org/licenses/by-sa/2.0,Q2673522,Acacia auriculiformis P5291433.jpg,Acacia auriculiformis,2026-09-13
species/earthworm/wikimedia_01.jpg,https://commons.wikimedia.org/wiki/File:Metaphire_posthuma_(10.3897-zookeys.932.50314)_Figure_9.jpg,"Nguyen TT, Lam DH, Trinh BTK, Nguyen AD (2020) The megascolecid earthworms (Annelida, Oligochaeta, Megascolecidae) in the Phu Quoc island, Vietnam, with descriptions of three new species. ZooKeys 932: 1-25. https://doi.org/10.3897/zookeys.932.50314",CC BY 4.0,https://creativecommons.org/licenses/by/4.0,Q50360319,Metaphire posthuma (10.3897-zookeys.932.50314) Figure 9.jpg,Metaphire posthuma,2026-09-13
species/eurasian_collared_dove/wikimedia_01.jpg,"https://commons.wikimedia.org/wiki/File:Streptopelia_decaocto,_H%C4%83rman,_Rom%C3%A2nia_(34881606270).jpg",xulescu_g,CC BY-SA 2.0,https://creativecommons.org/licenses/by-sa/2.0,Q54696,"Streptopelia decaocto, Hărman, România (34881606270).jpg",Streptopelia decaocto,2026-09-13
species/european_honey_bee/wikimedia_01.jpg,https://commons.wikimedia.org/wiki/File:(MHNT)_Apis_mellifera_(female)_-_on_viburnum_tinus_flowers.jpg,Didier Descouens,CC BY-SA 4.0,https://creativecommons.org/licenses/by-sa/4.0,Q30034,(MHNT) Apis mellifera (female) - on viburnum tinus flowers.jpg,Apis mellifera,2026-09-13
species/fenugreek/wikimedia_01.jpg,https://commons.wikimedia.org/wiki/File:Junger_Bockshornklee.jpg,Yak,CC BY-SA 3.0,https://creativecommons.org/licenses/by-sa/3.0,Q133205,Junger Bockshornklee.jpg,Trigonella foenum-graecum,2026-09-13
species/field_bindweed/wikimedia_01.jpg,https://commons.wikimedia.org/wiki/File:00_2050_Ackerwinde_(Convolvulus_arvensis).jpg,W. Bulach,CC BY-SA 4.0,https://creativecommons.org/licenses/by-sa/4.0,Q111346,00 2050 Ackerwinde (Convolvulus arvensis).jpg,Convolvulus arvensis,2026-09-13
species/field_cricket/wikimedia_01.jpg,https://commons.wikimedia.org/wiki/File:African.field.cricket.arp.jpg,Arpingstone,Public domain,,Q546382,African.field.cricket.arp.jpg,Gryllus bimaculatus,2026-09-13
species/field_mushroom/wikimedia_01.jpg,https://commons.wikimedia.org/wiki/File:Agaricus_campestris.jpg,unknown,CC BY-SA 3.0,https://creativecommons.org/licenses/by-sa/3.0,Q234529,Agaricus campestris.jpg,Agaricus campestris,2026-09-13
species/flame_tree/wikimedia_01.jpg,https://commons.wikimedia.org/wiki/File:Royal_Poinciana.jpg,Averette,CC BY-SA 3.0,https://creativecommons.org/licenses/by-sa/3.0,Q238486,Royal Poinciana.jpg,Delonix regia,2026-09-13
species/flat_backed_millipede/wikimedia_01.jpg,https://commons.wikimedia.org/wiki/File:Asiomorpha_coarctata.jpg,EBKauai,CC BY 2.0,https://creativecommons.org/licenses/by/2.0,Q6441770,Asiomorpha coarctata.jpg,Asiomorpha coarctata,2026-09-13
species/freshwater_garfish/wikimedia_01.jpg,https://commons.wikimedia.org/wiki/File:Xenentodon_cancila_(Wroclaw_zoo)-1.JPG,Guérin Nicolas ( messages ),CC BY-SA 3.0,https://creativecommons.org/licenses/by-sa/3.0,Q374419,Xenentodon cancila (Wroclaw zoo)-1.JPG,Xenentodon cancila,2026-09-13
species/freshwater_grass_shrimp/wikimedia_01.jpg,https://commons.wikimedia.org/wiki/File:IndianWhiskerShrimp_MacrobrachiumLamarrei.jpg,Ltshears,CC BY-SA 3.0,https://creativecommons.org/licenses/by-sa/3.0,Q6489370,IndianWhiskerShrimp MacrobrachiumLamarrei.jpg,Macrobrachium lamarrei,2026-09-13
species/fulvous_forest_skimmer/wikimedia_01.jpg,https://commons.wikimedia.org/wiki/File:Neurothemis_fulvia_9332_-_Doi_Inthanon.jpg,JJ Harrison ( https://www.jjharrison.com.au/ ),CC BY-SA 3.0,https://creativecommons.org/licenses/by-sa/3.0,Q1306394,Neurothemis fulvia 9332 - Doi Inthanon.jpg,Neurothemis fulvia,2026-09-13
species/garden_lizard/wikimedia_01.jpg,https://commons.wikimedia.org/wiki/File:Arya.oriental_garden_lizard.bunglon.tigaputra.2019.jpg,Aris riyanto,CC BY-SA 4.0,https://creativecommons.org/licenses/by-sa/4.0,Q41489,Arya.oriental garden lizard.bunglon.tigaputra.2019.jpg,Calotes versicolor,2026-09-13
species/garganey/wikimedia_01.jpg,"https://commons.wikimedia.org/wiki/File:Anas_querquedula,_Llobregat_Delta,_Barcelona_6.jpg","Ferran Pestaña from Barcelona, España",CC BY-SA 2.0,https://creativecommons.org/licenses/by-sa/2.0,Q28106902,"Anas querquedula, Llobregat Delta, Barcelona 6.jpg",Spatula querquedula,2026-09-13
species/giant_catfish/wikimedia_01.jpg,https://commons.wikimedia.org/wiki/File:WallagoAttuDay.jpg,Francis Day (1829–1889),Public domain,,Q1340556,WallagoAttuDay.jpg,Wallago attu,2026-09-13
species/giant_dodder/wikimedia_01.jpg,https://commons.wikimedia.org/wiki/File:%E0%AE%85%E0%AE%AE%E0%AF%8D%E0%AE%AE%E0%AF%88%E0%AE%AF%E0%AE%BE%E0%AE%B0%E0%AF%8D%E0%AE%95%E0%AF%82%E0%AE%A8%E0%AF%8D%E0%AE%A4%E0%AE%B2%E0%AF%8D1.jpg,Dr.S.Soundarapandian,Public domain,,Q10937599,அம்மையார்கூந்தல்1.jpg,Cuscuta reflexa,2026-09-13
species/giant_honey_bee/wikimedia_01.jpg,https://commons.wikimedia.org/wiki/File:ApisDorsataHive.jpg,Original uploader was Bksimonb at en.wikipedia,CC BY-SA 3.0,http://creativecommons.org/licenses/by-sa/3.0/,Q840434,ApisDorsataHive.jpg,Apis dorsata,2026-09-13
species/giant_wood_spider/wikimedia_01.jpg,https://commons.wikimedia.org/wiki/File:Golden_orb-weavers_(Nephila_pilipes)_female_and_male_Double_Haven.jpg,Charles J. Sharp,CC BY-SA 4.0,https://creativecommons.org/licenses/by-sa/4.0,Q286128,Golden orb-weavers (Nephila pilipes) female and male Double Haven.jpg,Nephila pilipes,2026-09-13
species/giloy/wikimedia_01.jpg,https://commons.wikimedia.org/wiki/File:Tinospora_cordifolia_fruits.jpg,Sanu N,CC BY-SA 4.0,https://creativecommons.org/licenses/by-sa/4.0,Q3595912,Tinospora cordifolia fruits.jpg,Tinospora cordifolia,2026-09-13
species/glassy_perchlet/wikimedia_01.jpg,https://commons.wikimedia.org/wiki/File:AmbassisNamaBeavan.png,Captain R C Beavan,Public domain,,Q138278,AmbassisNamaBeavan.png,Chanda nama,2026-09-13
species/golden_jackal/wikimedia_01.jpg,https://commons.wikimedia.org/wiki/File:033_Golden_jackal_in_Keoladeo_National_Park_Photo_by_Giles_Laurent.jpg,Giles Laurent,CC BY-SA 4.0,https://creativecommons.org/licenses/by-sa/4.0,Q128098,033 Golden jackal in Keoladeo National Park Photo by Giles Laurent.jpg,Canis aureus,2026-09-13
species/great_eggfly/wikimedia_01.jpg,https://commons.wikimedia.org/wiki/File:Hypolimnas_bolina-female.jpg,Greg Hume,CC BY-SA 3.0,https://creativecommons.org/licenses/by-sa/3.0,Q309627,Hypolimnas bolina-female.jpg,Hypolimnas bolina,2026-09-13
species/great_snakehead/wikimedia_01.jpg,https://commons.wikimedia.org/wiki/File:Channa_marulius.jpg,Ianaré Sévi,Public domain,,Q620617,Channa marulius.jpg,Channa marulius,2026-09-13
species/greater_banded_hornet/wikimedia_01.jpg,https://commons.wikimedia.org/wiki/File:Vespa_tropica_sec.jpg,School of Ecology and Conservation <kchandra58 at yahoo.co.in>,CC BY 2.5,https://creativecommons.org/licenses/by/2.5,Q1940411,Vespa tropica sec.jpg,Vespa tropica,2026-09-13
species/greater_coucal/wikimedia_01.jpg,https://commons.wikimedia.org/wiki/File:Greater_Coucal_I_IMG_7775.jpg,J.M.Garg,CC BY-SA 3.0,https://creativecommons.org/licenses/by-sa/3.0,Q767112,Greater Coucal I IMG 7775.jpg,Centropus sinensis,2026-09-13
species/green_lynx_spider/wikimedia_01.jpg,https://commons.wikimedia.org/wiki/File:Green_orb_spider.jpg,No machine-readable author provided. Shyamal assumed (based on copyright claims).,CC BY-SA 3.0,http://creativecommons.org/licenses/by-sa/3.0/,Q2389663,Green orb spider.jpg,Peucetia viridana,2026-09-13
species/grey_headed_swamphen/wikimedia_01.jpg,https://commons.wikimedia.org/wiki/File:Grey-headed_swamphen_(Porphyrio_poliocephalus)_female.jpg,Charles J. Sharp,CC BY-SA 4.0,https://creativecommons.org/licenses/by-sa/4.0,Q13173082,Grey-headed swamphen (Porphyrio poliocephalus) female.jpg,Porphyrio poliocephalus,2026-09-13
species/grey_heron/wikimedia_01.jpg,https://commons.wikimedia.org/wiki/File:Ardea_cinerea_EM1A2714_(27349354381).jpg,"Bengt Nyman from Vaxholm, Sweden",CC BY 2.0,https://creativecommons.org/licenses/by/2.0,Q25273,Ardea cinerea EM1A2714 (27349354381).jpg,Ardea cinerea,2026-09-13
species/ground_skimmer/wikimedia_01.jpg,https://commons.wikimedia.org/wiki/File:Diplacodes_trivialis_05609.JPG,Vengolis,CC BY-SA 4.0,https://creativecommons.org/licenses/by-sa/4.0,Q1888149,Diplacodes trivialis 05609.JPG,Diplacodes trivialis,2026-09-13
species/guava/wikimedia_01.jpg,https://commons.wikimedia.org/wiki/File:Apple_Guava.jpg,Fuadsyazwan ( talk ),Public domain,,Q166843,Apple Guava.jpg,Psidium guajava,2026-09-13
species/haritaki/wikimedia_01.jpg,https://commons.wikimedia.org/wiki/File:Terminalia_chebula_-_South_China_Botanical_Garden_2013.11.02_11-07-25.jpg,Zhangzhugang,CC BY-SA 3.0,https://creativecommons.org/licenses/by-sa/3.0,Q3595915,Terminalia chebula - South China Botanical Garden 2013.11.02 11-07-25.jpg,Terminalia chebula,2026-09-13
species/house_centipede/wikimedia_01.jpg,https://commons.wikimedia.org/wiki/File:Scutigera_coleoptrata_MHNT.jpg,Didier Descouens,CC BY-SA 4.0,https://creativecommons.org/licenses/by-sa/4.0,Q367643,Scutigera coleoptrata MHNT.jpg,Scutigera coleoptrata,2026-09-13
species/house_gecko/wikimedia_01.jpg,https://commons.wikimedia.org/wiki/File:Hemidactylus_frenatus.jpg,unknown,CC BY-SA 3.0,http://creativecommons.org/licenses/by-sa/3.0/,Q1931739,Hemidactylus frenatus.jpg,Hemidactylus frenatus,2026-09-13
species/house_sparrow/wikimedia_01.jpg,https://commons.wikimedia.org/wiki/File:House_sparrow_male_in_Prospect_Park_(53532).jpg,Rhododendrites,CC BY-SA 4.0,https://creativecommons.org/licenses/by-sa/4.0,Q14683,House sparrow male in Prospect Park (53532).jpg,Passer domesticus,2026-09-13
species/house_swift/wikimedia_01.jpg,https://commons.wikimedia.org/wiki/File:Little_Swift_-_Aberdares_-_Kenya.jpg,Francesco Veronesi from Italy,CC BY-SA 2.0,https://creativecommons.org/licenses/by-sa/2.0,Q611324,Little Swift - Aberdares - Kenya.jpg,Apus affinis,2026-09-13
species/huntsman_spider/wikimedia_01.jpg,https://commons.wikimedia.org/wiki/File:Heteropoda_venatoria.png,ja:user:Dieno,Public domain,,Q1147592,Heteropoda venatoria.png,Heteropoda venatoria,2026-09-13
species/hydrilla/wikimedia_01.jpg,https://commons.wikimedia.org/wiki/File:Hydrilla_USGS.jpg,unknown,Public domain,,Q164181,Hydrilla USGS.jpg,Hydrilla verticillata,2026-09-13
species/hygroscopic_earthstar/wikimedia_01.jpg,https://commons.wikimedia.org/wiki/File:Astraeus_hygrometricus_122239.jpg,Richard Sullivan (enchplant),CC BY-SA 3.0,https://creativecommons.org/licenses/by-sa/3.0,Q980655,Astraeus hygrometricus 122239.jpg,Astraeus hygrometricus,2026-09-13
species/indian_beech/wikimedia_01.jpg,https://commons.wikimedia.org/wiki/File:Millettia_pinnata_aka_Pongamia_pinnata_07.JPG,Vinayaraj,CC BY-SA 4.0,https://creativecommons.org/licenses/by-sa/4.0,Q1973585,Millettia pinnata aka Pongamia pinnata 07.JPG,Millettia pinnata,2026-09-13
species/indian_bull_frog/wikimedia_01.jpg,https://commons.wikimedia.org/wiki/File:HoplobatrachusTigerinus.jpg,Sandilya Theuerkauf,CC BY-SA 2.5,https://creativecommons.org/licenses/by-sa/2.5,Q221745,HoplobatrachusTigerinus.jpg,Hoplobatrachus tigerinus,2026-09-13
species/indian_centipede/wikimedia_01.jpg,https://commons.wikimedia.org/wiki/File:(MHNT)_Scolopendra_morsitans_-_dorsal_view_-_Southeast_Asia.jpg,Didier Descouens,CC BY-SA 4.0,https://creativecommons.org/licenses/by-sa/4.0,Q3808833,(MHNT) Scolopendra morsitans - dorsal view - Southeast Asia.jpg,Scolopendra morsitans,2026-09-13
species/indian_chameleon/wikimedia_01.jpg,https://commons.wikimedia.org/wiki/File:Chamaeleo_zeylanicus.jpg,M.arunprasad,CC BY 2.5,https://creativecommons.org/licenses/by/2.5,Q2700540,Chamaeleo zeylanicus.jpg,Chamaeleo zeylanicus,2026-09-13
species/indian_cobra/wikimedia_01.jpg,https://commons.wikimedia.org/wiki/File:Cobra_hood.jpg,Saleem Hameed,CC BY 2.5,https://creativecommons.org/licenses/by/2.5,Q192754,Cobra hood.jpg,Naja naja,2026-09-13
species/indian_coral_tree/wikimedia_01.jpg,https://commons.wikimedia.org/wiki/File:Kinmen_Erythrina_variegata.jpg,Yu-Ju Chang,CC BY-SA 4.0,https://creativecommons.org/licenses/by-sa/4.0,Q715744,Kinmen Erythrina variegata.jpg,Erythrina variegata,2026-09-13
species/indian_eagle_owl/wikimedia_01.jpg,https://commons.wikimedia.org/wiki/File:Rock_eagle_owl_DSC_7104.jpg,Supradai,CC BY 4.0,https://creativecommons.org/licenses/by/4.0,Q817172,Rock eagle owl DSC 7104.jpg,Bubo bengalensis,2026-09-13
species/indian_elm/wikimedia_01.jpg,"https://commons.wikimedia.org/wiki/File:South_Indian_Elm_Ulmus_integrifolia_syn_Holeptelea_integrifolia_at_Amravati,_India.jpg",Yogdes,CC BY-SA 4.0,https://creativecommons.org/licenses/by-sa/4.0,Q13110312,"South Indian Elm Ulmus integrifolia syn Holeptelea integrifolia at Amravati, India.jpg",Holoptelea integrifolia,2026-09-13
species/indian_flapshell_turtle/wikimedia_01.jpg,https://commons.wikimedia.org/wiki/File:Lissemys_punctata1.jpg,"L. Shyamal, animal courtesy Saleem Hameed",CC BY-SA 2.5,https://creativecommons.org/licenses/by-sa/2.5,Q784190,Lissemys punctata1.jpg,Lissemys punctata,2026-09-13
species/indian_flying_fox/wikimedia_01.jpg,https://commons.wikimedia.org/wiki/File:047_Indian_flying_fox_in_Keoladeo_National_Park_Photo_by_Giles_Laurent.jpg,Giles Laurent,CC BY-SA 4.0,https://creativecommons.org/licenses/by-sa/4.0,Q123110636,047 Indian flying fox in Keoladeo National Park Photo by Giles Laurent.jpg,Pteropus medius,2026-09-13
species/indian_fox/wikimedia_01.jpg,"https://commons.wikimedia.org/wiki/File:Bengal_Fox_-_Shreeram_M_V_-_Rajasthan,_India.jpg",Mvshreeram,CC BY-SA 4.0,https://creativecommons.org/licenses/by-sa/4.0,Q214835,"Bengal Fox - Shreeram M V - Rajasthan, India.jpg",Vulpes bengalensis,2026-09-13
species/indian_grey_hornbill/wikimedia_01.jpg,https://commons.wikimedia.org/wiki/File:Indian_Grey_Hornbill_I_IMG_4048.jpg,J.M.Garg,CC BY-SA 3.0,https://creativecommons.org/licenses/by-sa/3.0,Q223574,Indian Grey Hornbill I IMG 4048.jpg,Ocyceros birostris,2026-09-13
species/indian_land_snail/wikimedia_01.jpg,https://commons.wikimedia.org/wiki/File:Macrochlamys_indica_Reunion_0408.jpg,Jjargoud,CC BY-SA 3.0,https://creativecommons.org/licenses/by-sa/3.0,Q6725201,Macrochlamys indica Reunion 0408.jpg,Macrochlamys indica,2026-09-13
species/indian_lotus/wikimedia_01.jpg,https://commons.wikimedia.org/wiki/File:Sacred_lotus_Nelumbo_nucifera.jpg,T.Voekler,CC BY-SA 3.0,https://creativecommons.org/licenses/by-sa/3.0,Q16528,Sacred lotus Nelumbo nucifera.jpg,Nelumbo nucifera,2026-09-13
species/indian_pangolin/wikimedia_01.jpg,https://commons.wikimedia.org/wiki/File:IndianPangolin.jpg,S megan at English Wikipedia,Public domain,,Q752467,IndianPangolin.jpg,Manis crassicaudata,2026-09-13
species/indian_peafowl/wikimedia_01.jpg,https://commons.wikimedia.org/wiki/File:Indian_Peacock_in_Tholpetty_Wildlife_Sanctuary_01.JPG,Praveenp,CC BY-SA 4.0,https://creativecommons.org/licenses/by-sa/4.0,Q61865,Indian Peacock in Tholpetty Wildlife Sanctuary 01.JPG,Pavo cristatus,2026-09-13
species/indian_pipistrelle/wikimedia_01.jpg,https://commons.wikimedia.org/wiki/File:Pipistrellus_coromandra.jpg,Surajit Koley,CC0,http://creativecommons.org/publicdomain/zero/1.0/deed.en,Q1831606,Pipistrellus coromandra.jpg,Pipistrellus coromandra,2026-09-13
species/indian_pond_heron/wikimedia_01.jpg,https://commons.wikimedia.org/wiki/File:Indian_Pond_Heron_(Ardeola_grayii)_@_Chavakkad.jpg,Vivek Puliyeri,CC BY-SA 4.0,https://creativecommons.org/licenses/by-sa/4.0,Q498428,Indian Pond Heron (Ardeola grayii) @ Chavakkad.jpg,Ardeola grayii,2026-09-13
species/indian_porcupine/wikimedia_01.jpg,"https://commons.wikimedia.org/wiki/File:Hystrix_indica_(Indian_Crested_Porcupine)_at_IG_Zoological_park,_Visakhapatnam_03.JPG",Adityamadhav83,CC BY-SA 3.0,https://creativecommons.org/licenses/by-sa/3.0,Q741524,"Hystrix indica (Indian Crested Porcupine) at IG Zoological park, Visakhapatnam 03.JPG",Hystrix indica,2026-09-13
species/indian_python/wikimedia_01.jpg,https://commons.wikimedia.org/wiki/File:Python_molurus_molurus_2.jpg,Tigerpython,CC BY-SA 3.0,https://creativecommons.org/licenses/by-sa/3.0,Q245183,Python molurus molurus 2.jpg,Python molurus,2026-09-13
species/indian_rat_snake/wikimedia_01.jpg,https://commons.wikimedia.org/wiki/File:Indian_Rat_Snake_(Grey_and_Yellow).jpg,Augustus Binu : flickr,CC BY-SA 3.0,https://creativecommons.org/licenses/by-sa/3.0,Q2338867,Indian Rat Snake (Grey and Yellow).jpg,Ptyas mucosa,2026-09-13
species/indian_roller/wikimedia_01.jpg,https://commons.wikimedia.org/wiki/File:Indian_Roller_(Coracias_benghalensis)2.jpg,Koshyk,CC BY 2.0,https://creativecommons.org/licenses/by/2.0,Q477133,Indian Roller (Coracias benghalensis)2.jpg,Coracias benghalensis,2026-09-13
species/indian_softshell_turtle/wikimedia_01.jpg,https://commons.wikimedia.org/wiki/File:Indian_Softshell_turtle_(Nilssonia_gangetica)_(cropped).jpg,Nandita Madhu,CC BY-SA 4.0,https://creativecommons.org/licenses/by-sa/4.0,Q262416,Indian Softshell turtle (Nilssonia gangetica) (cropped).jpg,Nilssonia gangetica,2026-09-13
species/indian_toon/wikimedia_01.jpg,https://commons.wikimedia.org/wiki/File:Starr_020803-0078_Toona_ciliata.jpg,Forest & Kim Starr,CC BY 3.0,https://creativecommons.org/licenses/by/3.0,Q2739400,Starr 020803-0078 Toona ciliata.jpg,Toona ciliata,2026-09-13
species/indian_tree_frog/wikimedia_01.jpg,https://commons.wikimedia.org/wiki/File:Polypedates_maculatus_Calicut.jpg,Sujith V Gopalan,CC BY-SA 4.0,https://creativecommons.org/licenses/by-sa/4.0,Q2708647,Polypedates maculatus Calicut.jpg,Polypedates maculatus,2026-09-13
species/jackfruit/wikimedia_01.jpg,https://commons.wikimedia.org/wiki/File:Artocarpus_heterophyllus_3.jpg,Franz Xaver,CC BY-SA 3.0,https://creativecommons.org/licenses/by-sa/3.0,Q45757,Artocarpus heterophyllus 3.jpg,Artocarpus heterophyllus,2026-09-13
species/jamun/wikimedia_01.jpg,https://commons.wikimedia.org/wiki/File:Syzygium_cumini_plant.jpg,কামরুল ইসলাম শাহীন,CC BY-SA 4.0,https://creativecommons.org/licenses/by-sa/4.0,Q232571,Syzygium cumini plant.jpg,Syzygium cumini,2026-09-13
species/jelly_fungus/wikimedia_01.jpg,https://commons.wikimedia.org/wiki/File:Dacryopinaxspathularia.jpg,"Bart from New Orleans, Louisiana, USA",CC BY 2.0,https://creativecommons.org/licenses/by/2.0,Q5207769,Dacryopinaxspathularia.jpg,Dacryopinax spathularia,2026-09-13
species/jerdons_bullfrog/wikimedia_01.jpg,https://commons.wikimedia.org/wiki/File:Hoplobatrachus_crassus.jpg,L. Shyamal,CC BY-SA 3.0,https://creativecommons.org/licenses/by-sa/3.0,Q2709644,Hoplobatrachus crassus.jpg,Hoplobatrachus crassus,2026-09-13
species/jungle_babbler/wikimedia_01.jpg,https://commons.wikimedia.org/wiki/File:2005-jungle-babbler.jpg,Yathin S Krishnappa,CC BY-SA 3.0,https://creativecommons.org/licenses/by-sa/3.0,Q2672674,2005-jungle-babbler.jpg,Turdoides striata,2026-09-13
species/jungle_crow/wikimedia_01.jpg,https://commons.wikimedia.org/wiki/File:Large-billed_Crow_in_Bhigwan_August_2025_by_Tisha_Mukherjee_01.jpg,Tisha Mukherjee,CC BY-SA 4.0,https://creativecommons.org/licenses/by-sa/4.0,Q111674,Large-billed Crow in Bhigwan August 2025 by Tisha Mukherjee 01.jpg,Corvus macrorhynchos,2026-09-13
species/kadam/wikimedia_01.jpg,https://commons.wikimedia.org/wiki/File:Burflower_1.jpg,"This work was made by Tushar Hossain and released under the license(s) stated below. Please feel free to use it for any purpose as long as you credit Tushar Hossain as author and follow the terms of the chosen license. If you use this work outside of the Wikimedia projects, I would very much like to get a note from you. Thanks!",CC BY-SA 4.0,https://creativecommons.org/licenses/by-sa/4.0,Q573791,Burflower 1.jpg,Neolamarckia cadamba,2026-09-13
species/kalbasu/wikimedia_01.jpg,https://commons.wikimedia.org/wiki/File:Orangefin_labeo_(Labeo_calbasu).jpg,Salil Kumar Mukherjee,CC BY-SA 4.0,https://creativecommons.org/licenses/by-sa/4.0,Q141880,Orangefin labeo (Labeo calbasu).jpg,Labeo calbasu,2026-09-13
species/kalmegh/wikimedia_01.jpg,https://commons.wikimedia.org/wiki/File:Andrographis-paniculata.jpg,Uwe Thobae,CC BY-SA 3.0,http://creativecommons.org/licenses/by-sa/3.0/,Q1551608,Andrographis-paniculata.jpg,Andrographis paniculata,2026-09-13
species/kans_grass/wikimedia_01.jpg,https://commons.wikimedia.org/wiki/File:K5601-19.jpg,Scott Bauer,Public domain,,Q2249048,K5601-19.jpg,Saccharum spontaneum,2026-09-13
species/kidney_garden_spider/wikimedia_01.jpg,https://commons.wikimedia.org/wiki/File:Araneus_mitificus_by_OpenCage.jpg,unknown,CC BY-SA 2.5,https://creativecommons.org/licenses/by-sa/2.5,Q1059271,Araneus mitificus by OpenCage.jpg,Araneus mitificus,2026-09-13
species/lajwanti/wikimedia_01.jpg,https://commons.wikimedia.org/wiki/File:Mimosa-pudica-SF25124.jpg,Steve Fitzgerald,CC BY-SA 4.0,https://creativecommons.org/licenses/by-sa/4.0,Q148532,Mimosa-pudica-SF25124.jpg,Mimosa pudica,2026-09-13
species/lantana_camara/wikimedia_01.jpg,https://commons.wikimedia.org/wiki/File:LantanaFlowerLeaves.jpg,Alvesgaspar,CC BY-SA 3.0,http://creativecommons.org/licenses/by-sa/3.0/,Q332469,LantanaFlowerLeaves.jpg,Lantana camara,2026-09-13
species/lasora/wikimedia_01.jpg,https://commons.wikimedia.org/wiki/File:Cordia_dichotoma_(Lasora)_in_Hyderabad_W_IMG_7089.jpg,J.M.Garg,CC BY 3.0,https://creativecommons.org/licenses/by/3.0,Q3645945,Cordia dichotoma (Lasora) in Hyderabad W IMG 7089.jpg,Cordia dichotoma,2026-09-13
species/laughing_dove/wikimedia_01.jpg,https://commons.wikimedia.org/wiki/File:140_Laughing_dove_in_Twyfelfontein_Photo_by_Giles_Laurent.jpg,Giles Laurent,CC BY-SA 4.0,https://creativecommons.org/licenses/by-sa/4.0,Q391198,140 Laughing dove in Twyfelfontein Photo by Giles Laurent.jpg,Spilopelia senegalensis,2026-09-13
species/lentil/wikimedia_01.jpg,https://commons.wikimedia.org/wiki/File:Lens_culinaris_Sturm8.jpg,Johann Georg Sturm (Painter: Jacob Sturm ),Public domain,,Q131226,Lens culinaris Sturm8.jpg,Lens culinaris,2026-09-13
species/lesser_bandicoot_rat/wikimedia_01.jpg,https://commons.wikimedia.org/wiki/File:Lesser_Bandicoot-Rat.jpg,"Mike Prince from Bangalore, India Uploaded by Vinayaraj",CC BY 2.0,https://creativecommons.org/licenses/by/2.0,Q789992,Lesser Bandicoot-Rat.jpg,Bandicota bengalensis,2026-09-13
species/lesser_emperor/wikimedia_01.jpg,https://commons.wikimedia.org/wiki/File:2012.08.11.-18-Viernheimer_Heide_Viernheim-Kleine_Koenigslibelle-Maennchen.jpg,Andreas Eichler,CC BY-SA 3.0,https://creativecommons.org/licenses/by-sa/3.0,Q1746487,2012.08.11.-18-Viernheimer Heide Viernheim-Kleine Koenigslibelle-Maennchen.jpg,Anax parthenope,2026-09-13
species/lesser_grass_blue/wikimedia_01.jpg,https://commons.wikimedia.org/wiki/File:Lesser_Grass_Blue_Zizina_otis_2_by_kadavoor.jpg,"Jeevan Jose, Kerala, India",CC BY-SA 4.0,https://creativecommons.org/licenses/by-sa/4.0,Q3595459,Lesser Grass Blue Zizina otis 2 by kadavoor.jpg,Zizina otis,2026-09-13
species/lesser_whistling_duck/wikimedia_01.jpg,https://commons.wikimedia.org/wiki/File:Dendrocygna_javanica_-_Chiang_Mai.jpg,JJ Harrison ( https://www.jjharrison.com.au/ ),CC BY-SA 3.0,https://creativecommons.org/licenses/by-sa/3.0,Q244284,Dendrocygna javanica - Chiang Mai.jpg,Dendrocygna javanica,2026-09-13
species/lilac_puffball/wikimedia_01.jpg,https://commons.wikimedia.org/wiki/File:Calvatia.cyathiformis.001.COPY.jpg,Amanita77,CC BY-SA 3.0,https://creativecommons.org/licenses/by-sa/3.0,Q5024215,Calvatia.cyathiformis.001.COPY.jpg,Calvatia cyathiformis,2026-09-13
species/lime_butterfly/wikimedia_01.jpg,"https://commons.wikimedia.org/wiki/File:Close_Wing_Basking_of_Papilio_demoleus_Linnaeus,_1758_-_Lime_Swallowtail_WLB_DSC_3460.jpg",TAPAN1412,CC BY-SA 4.0,https://creativecommons.org/licenses/by-sa/4.0,Q285314,"Close Wing Basking of Papilio demoleus Linnaeus, 1758 - Lime Swallowtail WLB DSC 3460.jpg",Papilio demoleus,2026-09-13
species/little_egret/wikimedia_01.jpg,https://commons.wikimedia.org/wiki/File:Aigrette_garzette_au_lac_sud_de_Tunis_(site_RAMSAR).jpg,El Golli Mohamed,CC BY-SA 4.0,https://creativecommons.org/licenses/by-sa/4.0,Q131709,Aigrette garzette au lac sud de Tunis (site RAMSAR).jpg,Egretta garzetta,2026-09-13
species/little_ringed_plover/wikimedia_01.jpg,https://commons.wikimedia.org/wiki/File:Charadrius_dubius_-_Little_ringed_plover_05.jpg,Zeynel Cebeci,CC BY-SA 4.0,https://creativecommons.org/licenses/by-sa/4.0,Q18851,Charadrius dubius - Little ringed plover 05.jpg,Charadrius dubius,2026-09-13
species/long_jawed_spider/wikimedia_01.jpg,https://commons.wikimedia.org/wiki/File:Tetragnatha.mandibulata.female.1.-.tanikawa.jpg,Akio Tanikawa,CC BY-SA 2.5,https://creativecommons.org/licenses/by-sa/2.5,Q4122376,Tetragnatha.mandibulata.female.1.-.tanikawa.jpg,Tetragnatha mandibulata,2026-09-13
species/long_tailed_shrike/wikimedia_01.jpg,https://commons.wikimedia.org/wiki/File:%E6%A3%95%E8%83%8C%E4%BC%AF%E5%8B%9E_(25040252703)_crop.jpg,LiCheng Shih,CC BY 2.0,https://creativecommons.org/licenses/by/2.0,Q795567,棕背伯勞 (25040252703) crop.jpg,Lanius schach,2026-09-13
species/mahua/wikimedia_01.jpg,https://commons.wikimedia.org/wiki/File:Mahuwa_trees_in_Chhattisgarh.jpg,Nvvchar,CC BY-SA 3.0,https://creativecommons.org/licenses/by-sa/3.0,Q2720146,Mahuwa trees in Chhattisgarh.jpg,Madhuca longifolia,2026-09-13
species/maize/wikimedia_01.jpg,https://commons.wikimedia.org/wiki/File:Klip_kukuruza_uzgojen_u_Me%C4%91imurju_(Croatia).JPG,Silverije,CC BY-SA 3.0,https://creativecommons.org/licenses/by-sa/3.0,Q11575,Klip kukuruza uzgojen u Međimurju (Croatia).JPG,Zea mays,2026-09-13
species/mandukaparni/wikimedia_01.jpg,https://commons.wikimedia.org/wiki/File:Starr_020803-0094_Centella_asiatica.jpg,Forest & Kim Starr,CC BY 3.0,https://creativecommons.org/licenses/by/3.0,Q324714,Starr 020803-0094 Centella asiatica.jpg,Centella asiatica,2026-09-13
species/mango/wikimedia_01.jpg,https://commons.wikimedia.org/wiki/File:The_Botanical_Magazine._Mango.jpg,Walter Hood Fitch (1817-1892) del. et lith. Description by John Smith (1798 - 1888),Public domain,,Q3919027,The Botanical Magazine. Mango.jpg,Mangifera indica,2026-09-13
species/mile_a_minute_weed/wikimedia_01.jpg,https://commons.wikimedia.org/wiki/File:Mikania_micrantha_129.jpg,Vengolis,CC BY 4.0,https://creativecommons.org/licenses/by/4.0,Q2717688,Mikania micrantha 129.jpg,Mikania micrantha,2026-09-13
species/mole_cricket/wikimedia_01.jpg,https://commons.wikimedia.org/wiki/File:Mole_Cricket_(Gryllotalpa_africana)_(16643378886).jpg,Bernard DUPONT from FRANCE,CC BY-SA 2.0,https://creativecommons.org/licenses/by-sa/2.0,Q4072841,Mole Cricket (Gryllotalpa africana) (16643378886).jpg,Gryllotalpa africana,2026-09-13
species/mrigal/wikimedia_01.jpg,https://commons.wikimedia.org/wiki/File:Cirrhina_mrigala_Mintern_129.jpg,R. Mintern,Public domain,,Q13171680,Cirrhina mrigala Mintern 129.jpg,Cirrhinus mrigala,2026-09-13
species/mustard/wikimedia_01.jpg,https://commons.wikimedia.org/wiki/File:Brassica_juncea_var._juncea.JPG,Dalgial,CC BY-SA 3.0,https://creativecommons.org/licenses/by-sa/3.0,Q504781,Brassica juncea var. juncea.JPG,Brassica juncea,2026-09-13
species/neem/wikimedia_01.jpg,https://commons.wikimedia.org/wiki/File:Neem_(Azadirachta_indica)_in_Hyderabad_W_IMG_6976.jpg,J.M.Garg,CC BY 3.0,https://creativecommons.org/licenses/by/3.0,Q170461,Neem (Azadirachta indica) in Hyderabad W IMG 6976.jpg,Azadirachta indica,2026-09-13
species/night_jasmine/wikimedia_01.jpg,https://commons.wikimedia.org/wiki/File:Flower_%26_flower_buds_I_IMG_2257.jpg,J.M.Garg,CC BY-SA 3.0,https://creativecommons.org/licenses/by-sa/3.0,Q764525,Flower & flower buds I IMG 2257.jpg,Nyctanthes arbor-tristis,2026-09-13
species/nilgai/wikimedia_01.jpg,https://commons.wikimedia.org/wiki/File:Female_neelgai_1_gir_2006_karthick.jpg,The original uploader was Karthickbala at Tamil Wikipedia .,Public domain,,Q200444,Female neelgai 1 gir 2006 karthick.jpg,Boselaphus tragocamelus,2026-09-13
species/northern_pintail/wikimedia_01.jpg,https://commons.wikimedia.org/wiki/File:Male_northern_pintail_at_Llano_Seco.jpg,Frank Schulenburg,CC BY-SA 4.0,https://creativecommons.org/licenses/by-sa/4.0,Q25450,Male northern pintail at Llano Seco.jpg,Anas acuta,2026-09-13
species/oriental_cockroach/wikimedia_01.jpg,"https://commons.wikimedia.org/wiki/File:Blatta_orientalis_male_from_Botevgrad,_Bulgaria_01.jpg",Dimitǎr Boevski,CC BY-SA 4.0,https://creativecommons.org/licenses/by-sa/4.0,Q20869,"Blatta orientalis male from Botevgrad, Bulgaria 01.jpg",Blatta orientalis,2026-09-13
species/oriental_magpie_robin/wikimedia_01.jpg,https://commons.wikimedia.org/wiki/File:Oriental_Magpie_Robin_(Copsychus_saularis)-_Male_at_Kolkata_I_IMG_3003.jpg,J.M.Garg,CC BY-SA 3.0,https://creativecommons.org/licenses/by-sa/3.0,Q266761,Oriental Magpie Robin (Copsychus saularis)- Male at Kolkata I IMG 3003.jpg,Copsychus saularis,2026-09-13
species/ornate_narrow_mouthed_frog/wikimedia_01.jpg,https://commons.wikimedia.org/wiki/File:MicrohylaOrnata2.jpg,L. Shyamal,CC BY 3.0,https://creativecommons.org/licenses/by/3.0,Q2715667,MicrohylaOrnata2.jpg,Microhyla ornata,2026-09-13
species/osprey/wikimedia_01.jpg,https://commons.wikimedia.org/wiki/File:Balbuzard_pecheur_Lac_de_Tunis.jpg,El Golli Mohamed,CC BY-SA 4.0,https://creativecommons.org/licenses/by-sa/4.0,Q25332,Balbuzard pecheur Lac de Tunis.jpg,Pandion haliaetus,2026-09-13
species/oyster_mushroom/wikimedia_01.jpg,https://commons.wikimedia.org/wiki/File:Austern_Sabine_u._Holger.JPG,Thomas Pruß,CC BY-SA 3.0,https://creativecommons.org/licenses/by-sa/3.0,Q186451,Austern Sabine u. Holger.JPG,Pleurotus ostreatus,2026-09-13
species/paddy/wikimedia_01.jpg,https://commons.wikimedia.org/wiki/File:Reis-Rispe.jpg,Leo Michels,Public domain,,Q161426,Reis-Rispe.jpg,Oryza sativa,2026-09-13
species/paddy_straw_mushroom/wikimedia_01.jpg,https://commons.wikimedia.org/wiki/File:1797_Volvariella_volvacea_Sowerby.jpg,Coloured Figures of English Fungi or Mushrooms - t. 1.jpg : James Sowerby derivative work: Natr ( talk ),Public domain,,Q641656,1797 Volvariella volvacea Sowerby.jpg,Volvariella volvacea,2026-09-13
species/painted_bug/wikimedia_01.jpg,https://commons.wikimedia.org/wiki/File:BagradaHilaris_3988.JPG,Davefoc,CC BY-SA 3.0,https://creativecommons.org/licenses/by-sa/3.0,Q4842100,BagradaHilaris 3988.JPG,Bagrada hilaris,2026-09-13
species/painted_grasshopper/wikimedia_01.jpg,https://commons.wikimedia.org/wiki/File:Poekilocerus_pictus.jpg,Aniruddha.Raste,CC BY-SA 3.0,https://creativecommons.org/licenses/by-sa/3.0,Q7207335,Poekilocerus pictus.jpg,Poekilocerus pictus,2026-09-13
species/palash/wikimedia_01.jpg,https://commons.wikimedia.org/wiki/File:Flame_of_the_Forest_(444870391).jpg,"Dinesh Valke from Thane, India",CC BY-SA 2.0,https://creativecommons.org/licenses/by-sa/2.0,Q942203,Flame of the Forest (444870391).jpg,Butea monosperma,2026-09-13
species/palm_squirrel/wikimedia_01.jpg,https://commons.wikimedia.org/wiki/File:Chipmunk_India_1.jpg,Thomas Schoch,CC BY-SA 3.0,https://creativecommons.org/licenses/by-sa/3.0,Q1765033,Chipmunk India 1.jpg,Funambulus pennantii,2026-09-13
species/pantropical_jumping_spider/wikimedia_01.jpg,https://commons.wikimedia.org/wiki/File:Plexippus.paykulli.female.-.tanikawa.jpg,Akio Tanikawa,CC BY-SA 2.5,https://creativecommons.org/licenses/by-sa/2.5,Q1708488,Plexippus.paykulli.female.-.tanikawa.jpg,Plexippus paykulli,2026-09-13
species/papaya/wikimedia_01.jpg,https://commons.wikimedia.org/wiki/File:Carica_papaya_-_K%C3%B6hler%E2%80%93s_Medizinal-Pflanzen-029.jpg,"Franz Eugen Köhler, Köhler's Medizinal-Pflanzen",Public domain,,Q34887,Carica papaya - Köhler–s Medizinal-Pflanzen-029.jpg,Carica papaya,2026-09-13
species/parasol_mushroom/wikimedia_01.jpg,https://commons.wikimedia.org/wiki/File:Macrolepiota-procera.jpg,Chrumps,CC BY-SA 4.0,https://creativecommons.org/licenses/by-sa/4.0,Q243381,Macrolepiota-procera.jpg,Macrolepiota procera,2026-09-13
species/parthenium_hysterophorus/wikimedia_01.jpg,https://commons.wikimedia.org/wiki/File:Parthenium_hysterophorus_plant_with_flowers.jpg,Ethel Aardvark,CC BY 3.0,https://creativecommons.org/licenses/by/3.0,Q3595850,Parthenium hysterophorus plant with flowers.jpg,Parthenium hysterophorus,2026-09-13
species/peacock_pansy/wikimedia_01.jpg,https://commons.wikimedia.org/wiki/File:Junonia_almana_by_kadavoor.JPG,"Jeevan Jose, Kerala, India",CC BY-SA 4.0,https://creativecommons.org/licenses/by-sa/4.0,Q986190,Junonia almana by kadavoor.JPG,Junonia almana,2026-09-13
species/peepal/wikimedia_01.jpg,https://commons.wikimedia.org/wiki/File:Bodhi_Baum_(Ficus_religiosa).jpg,Burkhard Mücke,CC BY-SA 4.0,https://creativecommons.org/licenses/by-sa/4.0,Q3071706,Bodhi Baum (Ficus religiosa).jpg,Ficus religiosa,2026-09-13
species/pied_bushchat/wikimedia_01.jpg,https://commons.wikimedia.org/wiki/File:Pied_bushchat_(Saxicola_caprata_bicolor)_female.jpg,Charles J. Sharp,CC BY-SA 4.0,https://creativecommons.org/licenses/by-sa/4.0,Q864893,Pied bushchat (Saxicola caprata bicolor) female.jpg,Saxicola caprata,2026-09-13
species/pied_kingfisher/wikimedia_01.jpg,https://commons.wikimedia.org/wiki/File:Pied_kingfisher_(Ceryle_rudis_leucomelanurus)_female.jpg,Charles J. Sharp,CC BY-SA 4.0,https://creativecommons.org/licenses/by-sa/4.0,Q320043,Pied kingfisher (Ceryle rudis leucomelanurus) female.jpg,Ceryle rudis,2026-09-13
species/pigeon_pea/wikimedia_01.jpg,https://commons.wikimedia.org/wiki/File:Guandu.jpg,Lígia Prado,Public domain,,Q632559,Guandu.jpg,Cajanus cajan,2026-09-13
species/plain_prinia/wikimedia_01.jpg,https://commons.wikimedia.org/wiki/File:Plain_Prinia_in_Bhigwan_August_2025_by_Tisha_Mukherjee_02.jpg,Tisha Mukherjee,CC BY-SA 4.0,https://creativecommons.org/licenses/by-sa/4.0,Q73928,Plain Prinia in Bhigwan August 2025 by Tisha Mukherjee 02.jpg,Prinia inornata,2026-09-13
species/plain_tiger/wikimedia_01.jpg,https://commons.wikimedia.org/wiki/File:A_couple_of_Danaus_chrysippus_02.jpg,Zeynel Cebeci,CC BY-SA 4.0,https://creativecommons.org/licenses/by-sa/4.0,Q2663244,A couple of Danaus chrysippus 02.jpg,Danaus chrysippus,2026-09-13
species/pool_barb/wikimedia_01.jpg,https://commons.wikimedia.org/wiki/File:Puntius_assimilis.png,Puntius_filamentosus_and_P._assimilis.png : ? derivative work: Haplochromis,CC BY-SA 3.0,https://creativecommons.org/licenses/by-sa/3.0,Q426051,Puntius assimilis.png,Puntius sophore,2026-09-13
species/praying_mantis/wikimedia_01.jpg,https://commons.wikimedia.org/wiki/File:Hierodula_Membranacea_(Head).jpg,Tristanpotter,CC BY-SA 3.0,http://creativecommons.org/licenses/by-sa/3.0/,Q11682490,Hierodula Membranacea (Head).jpg,Hierodula membranacea,2026-09-13
species/punarnava/wikimedia_01.jpg,https://commons.wikimedia.org/wiki/File:Boerhaavia_diffusa.jpg,Neha.Vindhya,CC BY-SA 3.0,https://creativecommons.org/licenses/by-sa/3.0,Q311457,Boerhaavia diffusa.jpg,Boerhavia diffusa,2026-09-13
species/purple_heron/wikimedia_01.jpg,https://commons.wikimedia.org/wiki/File:2010-kabini-purple-heron.jpg,Yathin S Krishnappa,CC BY-SA 3.0,https://creativecommons.org/licenses/by-sa/3.0,Q160488,2010-kabini-purple-heron.jpg,Ardea purpurea,2026-09-13
species/purple_sunbird/wikimedia_01.jpg,https://commons.wikimedia.org/wiki/File:Purple_sunbird_(Cinnyris_asiaticus_asiaticus)_male_non-breeding.jpg,Charles J. Sharp,CC BY-SA 4.0,https://creativecommons.org/licenses/by-sa/4.0,Q1797393,Purple sunbird (Cinnyris asiaticus asiaticus) male non-breeding.jpg,Cinnyris asiaticus,2026-09-13
species/ramshorn_snail/wikimedia_01.jpg,https://commons.wikimedia.org/wiki/File:Indoplanorbis_exustus.jpg,"Liang Liu, Mohammed M. H. Mondal, Mohamed A. Idris, Hakim S. Lokman, R. P. V. Jayanthe Rajapakse, Fadjar Satrija, Jose L. Diaz, E. Suchart Upatham & Stephen W. Attwood",CC BY 2.0,https://creativecommons.org/licenses/by/2.0,Q3791090,Indoplanorbis exustus.jpg,Indoplanorbis exustus,2026-09-13
species/red_cotton_bug/wikimedia_01.jpg,https://commons.wikimedia.org/wiki/File:Dysdercus_Cingulatus-Fabricius_-_Red_cotton_stainer_bug.jpg,Rushenb,CC BY-SA 3.0,https://creativecommons.org/licenses/by-sa/3.0,Q12700623,Dysdercus Cingulatus-Fabricius - Red cotton stainer bug.jpg,Dysdercus cingulatus,2026-09-13
species/red_pumpkin_beetle/wikimedia_01.jpg,https://commons.wikimedia.org/wiki/File:Pumpkin_beetle.jpg,"arian.suresh from Chennai, India",CC BY 2.0,https://creativecommons.org/licenses/by/2.0,Q2109636,Pumpkin beetle.jpg,Aulacophora foveicollis,2026-09-13
species/red_rimmed_melania/wikimedia_01.jpg,https://commons.wikimedia.org/wiki/File:Melanoides_tuberculatus_2.png,Dennis L.,CC BY 2.0,https://creativecommons.org/licenses/by/2.0,Q1931948,Melanoides tuberculatus 2.png,Melanoides tuberculata,2026-09-13
species/red_vented_bulbul/wikimedia_01.jpg,"https://commons.wikimedia.org/wiki/File:Red-vented_Bulbul_(Pycnonotus_cafer)_in_Tirunelveli,_India.jpg",K. Hari Krishnan,CC BY-SA 3.0,https://creativecommons.org/licenses/by-sa/3.0,Q509455,"Red-vented Bulbul (Pycnonotus cafer) in Tirunelveli, India.jpg",Pycnonotus cafer,2026-09-13
species/red_wattled_lapwing/wikimedia_01.jpg,https://commons.wikimedia.org/wiki/File:Red-wattled_Lapwing_denoised.jpg,Red-wattled_Lapwing_cropped.jpg : * Red-wattled_Lapwing.jpg : Karunakar Rayker from India derivative work: Samsara ( talk ) derivative work: Samsara,CC BY 2.0,https://creativecommons.org/licenses/by/2.0,Q752398,Red-wattled Lapwing denoised.jpg,Vanellus indicus,2026-09-13
species/red_whiskered_bulbul/wikimedia_01.jpg,https://commons.wikimedia.org/wiki/File:Red-whiskered_Bulbul_(Pycnonotus_jocosus).jpg,K Hari Krishnan,CC BY-SA 3.0,https://creativecommons.org/licenses/by-sa/3.0,Q501063,Red-whiskered Bulbul (Pycnonotus jocosus).jpg,Pycnonotus jocosus,2026-09-13
species/red_worm/wikimedia_01.jpg,https://commons.wikimedia.org/wiki/File:Redwiggler1.jpg,Mihai Duguleana ;,Public domain,,Q1501422,Redwiggler1.jpg,Eisenia fetida,2026-09-13
species/reishi_bracket/wikimedia_01.jpg,https://commons.wikimedia.org/wiki/File:Ganoderma_lucidum_01.jpg,Eric Steinert,CC BY-SA 3.0,http://creativecommons.org/licenses/by-sa/3.0/,Q271098,Ganoderma lucidum 01.jpg,Ganoderma lucidum,2026-09-13
species/rhesus_macaque/wikimedia_01.jpg,https://commons.wikimedia.org/wiki/File:202108_Rhesus_monkey.svg,DataBase Center for Life Science (DBCLS),CC BY 4.0,https://creativecommons.org/licenses/by/4.0,Q156606,202108 Rhesus monkey.svg,Macaca mulatta,2026-09-13
species/rita_catfish/wikimedia_01.jpg,https://commons.wikimedia.org/wiki/File:Rita_rita_Day.png,Sir Francis Day,Public domain,,Q2122120,Rita rita Day.png,Rita rita,2026-09-13
species/rock_pigeon/wikimedia_01.jpg,"https://commons.wikimedia.org/wiki/File:Columba_livia_(Rock_Dove,_wild),_Duncansby_Head,_Caithness,_Scotland_1.jpg",william_stephens,CC BY 4.0,https://creativecommons.org/licenses/by/4.0,Q42326,"Columba livia (Rock Dove, wild), Duncansby Head, Caithness, Scotland 1.jpg",Columba livia,2026-09-13
species/rohu/wikimedia_01.jpg,https://commons.wikimedia.org/wiki/File:Rohu_at_Giant_Hypermarket_Kota_Damansara_20230203_105829.jpg,Wiki Farazi,CC0,http://creativecommons.org/publicdomain/zero/1.0/deed.en,Q311727,Rohu at Giant Hypermarket Kota Damansara 20230203 105829.jpg,Labeo rohita,2026-09-13
species/rose_ringed_parakeet/wikimedia_01.jpg,"https://commons.wikimedia.org/wiki/File:African_Rose-ringed_Parakeet,_Tamanrasset,_Algeria_1.jpg",mourad-harzallah,CC BY 4.0,https://creativecommons.org/licenses/by/4.0,Q208060,"African Rose-ringed Parakeet, Tamanrasset, Algeria 1.jpg",Psittacula krameri,2026-09-13
species/rosy_starling/wikimedia_01.jpg,https://commons.wikimedia.org/wiki/File:Pastor_roseus_-_Rosenstar_(Jungvogel).jpg,Johannes Sander,CC BY-SA 4.0,https://creativecommons.org/licenses/by-sa/4.0,Q20823352,Pastor roseus - Rosenstar (Jungvogel).jpg,Pastor roseus,2026-09-13
species/russells_viper/wikimedia_01.jpg,https://commons.wikimedia.org/wiki/File:Daboia_russelii_A_Chawla01.jpg,AChawla,CC BY-SA 3.0,https://creativecommons.org/licenses/by-sa/3.0,Q330548,Daboia russelii A Chawla01.jpg,Daboia russelii,2026-09-13
species/rusty_millipede/wikimedia_01.jpg,https://commons.wikimedia.org/wiki/File:Millipede.jpg,unknown,CC BY-SA 3.0,http://creativecommons.org/licenses/by-sa/3.0/,Q3009330,Millipede.jpg,Trigoniulus corallinus,2026-09-13
species/saccharum_munja/wikimedia_01.jpg,https://commons.wikimedia.org/wiki/File:Saccharum_munja_(2).JPG,LRBurdak,CC BY-SA 3.0,https://creativecommons.org/licenses/by-sa/3.0,Q3630865,Saccharum munja (2).JPG,Saccharum munja,2026-09-13
species/sarus_crane/wikimedia_01.jpg,https://commons.wikimedia.org/wiki/File:Sarus_crane_(Grus_antigone).jpg,Charles J. Sharp,CC BY-SA 4.0,https://creativecommons.org/licenses/by-sa/4.0,Q28114126,Sarus crane (Grus antigone).jpg,Antigone antigone,2026-09-13
species/satyanashi/wikimedia_01.jpg,https://commons.wikimedia.org/wiki/File:Argemone_mexicana_flower_2.jpg,B.navez,CC BY-SA 3.0,https://creativecommons.org/licenses/by-sa/3.0,Q683404,Argemone mexicana flower 2.jpg,Argemone mexicana,2026-09-13
species/saw_scaled_viper/wikimedia_01.jpg,https://commons.wikimedia.org/wiki/File:Saw_Scaled_Viper_Echis_carinatus.jpg,Shantanu Kuveskar,CC BY-SA 3.0,https://creativecommons.org/licenses/by-sa/3.0,Q818485,Saw Scaled Viper Echis carinatus.jpg,Echis carinatus,2026-09-13
species/scaly_breasted_munia/wikimedia_01.jpg,https://commons.wikimedia.org/wiki/File:Scaly_Brested_Munia.jpg,Kmoorthy1969,CC BY-SA 4.0,https://creativecommons.org/licenses/by-sa/4.0,Q36197,Scaly Brested Munia.jpg,Lonchura punctulata,2026-09-13
species/scarlet_skimmer/wikimedia_01.jpg,https://commons.wikimedia.org/wiki/File:Crocothemis_servilia_male_by_kadavoor.jpg,"Jeevan Jose, Kerala, India",CC0,http://creativecommons.org/publicdomain/zero/1.0/deed.en,Q643655,Crocothemis servilia male by kadavoor.jpg,Crocothemis servilia,2026-09-13
species/semal/wikimedia_01.jpg,https://commons.wikimedia.org/wiki/File:Cotton_tree_at_Tsing_Yi_Island.jpg,unknown,CC BY-SA 2.5,https://creativecommons.org/licenses/by-sa/2.5,Q13399160,Cotton tree at Tsing Yi Island.jpg,Bombax ceiba,2026-09-13
species/shatavari/wikimedia_01.jpg,https://commons.wikimedia.org/wiki/File:Asparagus_racemosus.JPG,Neha.Vindhya,CC BY-SA 3.0,https://creativecommons.org/licenses/by-sa/3.0,Q4807702,Asparagus racemosus.JPG,Asparagus racemosus,2026-09-13
species/shikra/wikimedia_01.jpg,https://commons.wikimedia.org/wiki/File:Shikra1.jpg,Ravi Vaidyanathan,CC BY 2.5,https://creativecommons.org/licenses/by/2.5,Q715710,Shikra1.jpg,Accipiter badius,2026-09-13
species/shisham/wikimedia_01.jpg,https://commons.wikimedia.org/wiki/File:Dalbergia_sissoo_Bra24.png,unknown,Public domain,,Q1157813,Dalbergia sissoo Bra24.png,Dalbergia sissoo,2026-09-13
species/short_eared_owl/wikimedia_01.jpg,"https://commons.wikimedia.org/wiki/File:Asio_flammeus_-Fazenda_Campo_de_Ouro,_Piraju,_Sao_Paulo,_Brasil-8.jpg","Dario Sanches from São Paulo, Brazil",CC BY-SA 2.0,https://creativecommons.org/licenses/by-sa/2.0,Q25769,"Asio flammeus -Fazenda Campo de Ouro, Piraju, Sao Paulo, Brasil-8.jpg",Asio flammeus,2026-09-13
species/signature_spider/wikimedia_01.jpg,https://commons.wikimedia.org/wiki/File:Argiope_anasuja.JPG,Sindhu ramchandran,CC BY-SA 3.0,https://creativecommons.org/licenses/by-sa/3.0,Q1306756,Argiope anasuja.JPG,Argiope anasuja,2026-09-13
species/siris/wikimedia_01.jpg,https://commons.wikimedia.org/wiki/File:Starr_080531-4752_Albizia_lebbeck.jpg,Forest & Kim Starr,CC BY 3.0,https://creativecommons.org/licenses/by/3.0,Q2717846,Starr 080531-4752 Albizia lebbeck.jpg,Albizia lebbeck,2026-09-13
species/skipper_frog/wikimedia_01.jpg,https://commons.wikimedia.org/wiki/File:Euphlyctis_cyanophlyctus_fem_sal.jpg,Saleem Hameed <saleemham at rediffmail.com>,CC BY 2.5,https://creativecommons.org/licenses/by/2.5,Q633639,Euphlyctis cyanophlyctus fem sal.jpg,Euphlyctis cyanophlyctis,2026-09-13
species/slender_skimmer/wikimedia_01.jpg,https://commons.wikimedia.org/wiki/File:Green_marsh_hawk_(Orthetrum_sabina)_female_Nepalgunj.jpg,Charles J. Sharp,CC BY-SA 4.0,https://creativecommons.org/licenses/by-sa/4.0,Q1306401,Green marsh hawk (Orthetrum sabina) female Nepalgunj.jpg,Orthetrum sabina,2026-09-13
species/small_indian_civet/wikimedia_01.jpg,https://commons.wikimedia.org/wiki/File:Small_Indian_Civet_(cropped).jpg,Vickey Chauhan,CC BY-SA 4.0,https://creativecommons.org/licenses/by-sa/4.0,Q734351,Small Indian Civet (cropped).jpg,Viverricula indica,2026-09-13
species/snakehead_murrel/wikimedia_01.jpg,https://commons.wikimedia.org/wiki/File:Channa_striata_-_Justin_Philbois_-_426739053.jpeg,Justin Philbois,CC0,http://creativecommons.org/publicdomain/zero/1.0/deed.en,Q686439,Channa striata - Justin Philbois - 426739053.jpeg,Channa striata,2026-09-13
species/social_velvet_spider/wikimedia_01.jpg,https://commons.wikimedia.org/wiki/File:Indian_Cooperative_Spiders_imported_from_iNaturalist_photo_245994740_on_5_April_2024.jpg,"(c) @dineshphotography7797, some rights reserved (CC BY)",CC BY 4.0,https://creativecommons.org/licenses/by/4.0,Q2193255,Indian Cooperative Spiders imported from iNaturalist photo 245994740 on 5 April 2024.jpg,Stegodyphus sarasinorum,2026-09-13
species/southern_green_stink_bug/wikimedia_01.jpg,https://commons.wikimedia.org/wiki/File:Nezara_viridula_MHNT_verte.jpg,Didier Descouens,CC BY-SA 3.0,https://creativecommons.org/licenses/by-sa/3.0,Q600498,Nezara viridula MHNT verte.jpg,Nezara viridula,2026-09-13
species/spiny_amaranth/wikimedia_01.jpg,https://commons.wikimedia.org/wiki/File:Amaranthus.spinosus1web.jpg,unknown,Public domain,,Q2881023,Amaranthus.spinosus1web.jpg,Amaranthus spinosus,2026-09-13
species/spiny_eel/wikimedia_01.jpg,https://commons.wikimedia.org/wiki/File:Tire_Track_Eel.jpg,Adolsomee,CC BY-SA 3.0,https://creativecommons.org/licenses/by-sa/3.0,Q2045293,Tire Track Eel.jpg,Mastacembelus armatus,2026-09-13
species/spiny_orb_weaver/wikimedia_01.jpg,https://commons.wikimedia.org/wiki/File:Gasteracantha_kuhli_(7861828976).jpg,john_amend_all2000,CC BY 2.0,https://creativecommons.org/licenses/by/2.0,Q2565128,Gasteracantha kuhli (7861828976).jpg,Gasteracantha kuhli,2026-09-13
species/splitgill_mushroom/wikimedia_01.jpg,https://commons.wikimedia.org/wiki/File:Schizophyllum_commune_(849610).jpg,"This image was created by user Alexey Sergeev (asergeev) at Mushroom Observer , a source for mycological images. You can contact this user here .",CC BY-SA 3.0,https://creativecommons.org/licenses/by-sa/3.0,Q941733,Schizophyllum commune (849610).jpg,Schizophyllum commune,2026-09-13
species/spotted_owlet/wikimedia_01.jpg,https://commons.wikimedia.org/wiki/File:Athene_brama_1.jpg,"Lip Kee Yap from Singapore, Republic of Singapore",CC BY-SA 2.0,https://creativecommons.org/licenses/by-sa/2.0,Q839524,Athene brama 1.jpg,Athene brama,2026-09-13
species/stinging_catfish/wikimedia_01.jpg,https://commons.wikimedia.org/wiki/File:Heteropneustes_fossilis.jpg,Maxim Gavrilyuk,CC BY-SA 3.0,https://creativecommons.org/licenses/by-sa/3.0,Q2369750,Heteropneustes fossilis.jpg,Heteropneustes fossilis,2026-09-13
species/striped_catfish/wikimedia_01.jpg,https://commons.wikimedia.org/wiki/File:Macrones_vittatus_Day_99.jpg,Francis Day,Public domain,,Q2742389,Macrones vittatus Day 99.jpg,Mystus vittatus,2026-09-13
species/striped_lynx_spider/wikimedia_01.jpg,https://commons.wikimedia.org/wiki/File:OsalticusHI.JPG,AlaskaDave25,CC BY-SA 3.0,https://creativecommons.org/licenses/by-sa/3.0,Q2326779,OsalticusHI.JPG,Oxyopes salticus,2026-09-13
species/striped_tiger_butterfly/wikimedia_01.jpg,https://commons.wikimedia.org/wiki/File:Danaus_genutia_06860.JPG,Vengolis,CC BY-SA 4.0,https://creativecommons.org/licenses/by-sa/4.0,Q718721,Danaus genutia 06860.JPG,Danaus genutia,2026-09-13
species/subabul/wikimedia_01.jpg,https://commons.wikimedia.org/wiki/File:Arya.lamtoro.tembara.tiga_putra.pilang.2019.00.jpg,Aris riyanto,CC BY 3.0,https://creativecommons.org/licenses/by/3.0,Q35905,Arya.lamtoro.tembara.tiga putra.pilang.2019.00.jpg,Leucaena leucocephala,2026-09-13
species/sugarcane/wikimedia_01.jpg,"https://commons.wikimedia.org/wiki/File:Saccharum_officinarum,_Mozambique.jpg",Ton Rulkens,CC BY-SA 2.0,https://creativecommons.org/licenses/by-sa/2.0,Q3391243,"Saccharum officinarum, Mozambique.jpg",Saccharum officinarum,2026-09-13
species/tamarind/wikimedia_01.jpg,https://commons.wikimedia.org/wiki/File:Tamarindus_indica_pods.JPG,B.navez,CC BY 2.5,https://creativecommons.org/licenses/by/2.5,Q80235,Tamarindus indica pods.JPG,Tamarindus indica,2026-09-13
species/tawny_coster/wikimedia_01.jpg,"https://commons.wikimedia.org/wiki/File:Close_wing_position_of_Acraea_violae_Fabricius,_1775-1793_-_Tawny_Coster_WLB.jpg",Sayan Sanyal,CC BY-SA 4.0,https://creativecommons.org/licenses/by-sa/4.0,Q2823467,"Close wing position of Acraea violae Fabricius, 1775-1793 - Tawny Coster WLB.jpg",Acraea terpsicore,2026-09-13
species/teak/wikimedia_01.jpg,https://commons.wikimedia.org/wiki/File:Starr_010304-0485_Tectona_grandis.jpg,Forest & Kim Starr,CC BY 3.0,https://creativecommons.org/licenses/by/3.0,Q156938,Starr 010304-0485 Tectona grandis.jpg,Tectona grandis,2026-09-13
species/termite_mushroom/wikimedia_01.jpg,https://commons.wikimedia.org/wiki/File:Termitomyces_heimii.jpg,"This image was created by user rajeshicfre at Mushroom Observer , a source for mycological images. You can contact this user here .",CC BY-SA 3.0,https://creativecommons.org/licenses/by-sa/3.0,Q7702890,Termitomyces heimii.jpg,Termitomyces heimii,2026-09-13
species/termitomyces_clypeatus/wikimedia_01.jpg,https://commons.wikimedia.org/wiki/File:Termitomyces_clypeatus_289237.jpg,Glen van Niekerk (primordius),CC BY-SA 3.0,https://creativecommons.org/licenses/by-sa/3.0,Q7702889,Termitomyces clypeatus 289237.jpg,Termitomyces clypeatus,2026-09-13
species/tobacco_cutworm/wikimedia_01.jpg,https://commons.wikimedia.org/wiki/File:Spodoptera_litura_3.jpg,"Donald Hobern from Canberra, Australia",CC BY 2.0,https://creativecommons.org/licenses/by/2.0,Q27294,Spodoptera litura 3.jpg,Spodoptera litura,2026-09-13
species/transverse_ladybird/wikimedia_01.jpg,https://commons.wikimedia.org/wiki/File:Transverse_ladybird_(Coccinella_transversalis).jpg,Charles J. Sharp,CC BY-SA 4.0,https://creativecommons.org/licenses/by-sa/4.0,Q309705,Transverse ladybird (Coccinella transversalis).jpg,Coccinella transversalis,2026-09-13
species/tridax_daisy/wikimedia_01.jpg,https://commons.wikimedia.org/wiki/File:Tridax_procum_100228-0139_ipb.jpg,Wibowo Djatmiko ( Wie146 ),CC BY-SA 3.0,https://creativecommons.org/licenses/by-sa/3.0,Q2717999,Tridax procum 100228-0139 ipb.jpg,Tridax procumbens,2026-09-13
species/tropical_fire_ant/wikimedia_01.jpg,https://commons.wikimedia.org/wiki/File:Solenopsis_geminata_casent0063125_profile_1.jpg,April Nobile,CC BY 4.0,https://creativecommons.org/licenses/by/4.0,Q3720386,Solenopsis geminata casent0063125 profile 1.jpg,Solenopsis geminata,2026-09-13
species/tropical_tent_web_spider/wikimedia_01.jpg,https://commons.wikimedia.org/wiki/File:Cyrtophora.citricola.7627.jpg,picture taken by Olaf Leillinger,CC BY-SA 2.5,https://creativecommons.org/licenses/by-sa/2.5,Q1709546,Cyrtophora.citricola.7627.jpg,Cyrtophora citricola,2026-09-13
species/tulsi/wikimedia_01.jpg,https://commons.wikimedia.org/wiki/File:Tulasih.jpg,I Gd Nj Prt,CC BY-SA 4.0,https://creativecommons.org/licenses/by-sa/4.0,Q960124,Tulasih.jpg,Ocimum tenuiflorum,2026-09-13
species/turkey_tail/wikimedia_01.jpg,https://commons.wikimedia.org/wiki/File:Stumpfungus.jpg,Ecornerdropshop at en.wikipedia,Public domain,,Q753833,Stumpfungus.jpg,Trametes versicolor,2026-09-13
species/veiled_stinkhorn/wikimedia_01.jpg,https://commons.wikimedia.org/wiki/File:Phallus_indusiatus_02.JPG,Vinayaraj,CC BY-SA 3.0,https://creativecommons.org/licenses/by-sa/3.0,Q2701671,Phallus indusiatus 02.JPG,Phallus indusiatus,2026-09-13
species/vilayati_kikar/wikimedia_01.jpg,"https://commons.wikimedia.org/wiki/File:Prosopis_juliflora,_known_as_the_Velvet_Mesquite_(10078437503).jpg","Dick Culbert from Gibsons, B.C., Canada",CC BY 2.0,https://creativecommons.org/licenses/by/2.0,Q600793,"Prosopis juliflora, known as the Velvet Mesquite (10078437503).jpg",Prosopis juliflora,2026-09-13
species/walking_catfish/wikimedia_01.jpg,https://commons.wikimedia.org/wiki/File:Aquarium_tropical_de_Pierrefitte-Nestalas_03082018_Clarias_batrachus_2.jpg,Vassil,CC0,http://creativecommons.org/publicdomain/zero/1.0/deed.en,Q852229,Aquarium tropical de Pierrefitte-Nestalas 03082018 Clarias batrachus 2.jpg,Clarias batrachus,2026-09-13
species/wandering_glider/wikimedia_01.jpg,https://commons.wikimedia.org/wiki/File:Pantala_flavescens-Kadavoor-2017-05-04-002.jpg,"Jeevan Jose, Kerala, India",CC BY-SA 4.0,https://creativecommons.org/licenses/by-sa/4.0,Q1477924,Pantala flavescens-Kadavoor-2017-05-04-002.jpg,Pantala flavescens,2026-09-13
species/water_clover_fern/wikimedia_01.jpg,https://commons.wikimedia.org/wiki/File:Marsilea_quadrifolia_denjisou01.jpg,No machine-readable author provided. Keisotyo assumed (based on copyright claims).,CC BY-SA 3.0,http://creativecommons.org/licenses/by-sa/3.0/,Q1332525,Marsilea quadrifolia denjisou01.jpg,Marsilea quadrifolia,2026-09-13
species/water_hyacinth/wikimedia_01.jpg,"https://commons.wikimedia.org/wiki/File:Pontederia_crassipes_in_native_habitat,_Transpantaneira,_Pocon%C3%A9,_Mato_Grosso,_Brazil.jpg",Bernard DUPONT,CC BY-SA 2.0,https://creativecommons.org/licenses/by-sa/2.0,Q690645,"Pontederia crassipes in native habitat, Transpantaneira, Poconé, Mato Grosso, Brazil.jpg",Eichhornia crassipes,2026-09-13
species/water_lettuce/wikimedia_01.jpg,https://commons.wikimedia.org/wiki/File:Pistia_stratiotes0.jpg,Kurt Stüber [1],CC BY-SA 3.0,http://creativecommons.org/licenses/by-sa/3.0/,Q654001,Pistia stratiotes0.jpg,Pistia stratiotes,2026-09-13
species/water_spinach/wikimedia_01.jpg,https://commons.wikimedia.org/wiki/File:N_Ipoa_D1600.JPG,Eric Guinther,CC BY-SA 3.0,http://creativecommons.org/licenses/by-sa/3.0/,Q272754,N Ipoa D1600.JPG,Ipomoea aquatica,2026-09-13
species/weaver_ant/wikimedia_01.jpg,https://commons.wikimedia.org/wiki/File:O.smaragdina7.jpg,Tuan Cao ( en:User:Tuancao1 ),CC BY-SA 3.0,https://creativecommons.org/licenses/by-sa/3.0,Q1132830,O.smaragdina7.jpg,Oecophylla smaragdina,2026-09-13
species/western_marsh_harrier/wikimedia_01.jpg,https://commons.wikimedia.org/wiki/File:Busard_des_roseaux_Circus_aeruginosus_DSC_3073-p_(48841507981).jpg,Pierre-Marie Epiney,CC BY-SA 2.0,https://creativecommons.org/licenses/by-sa/2.0,Q26431,Busard des roseaux Circus aeruginosus DSC 3073-p (48841507981).jpg,Circus aeruginosus,2026-09-13
species/wheat/wikimedia_01.jpg,https://commons.wikimedia.org/wiki/File:Tarweaar.jpg,Rasbak,CC BY-SA 3.0,http://creativecommons.org/licenses/by-sa/3.0/,Q161098,Tarweaar.jpg,Triticum aestivum,2026-09-13
species/white_breasted_waterhen/wikimedia_01.jpg,https://commons.wikimedia.org/wiki/File:White_breasted_Waterhen_I4-Bhopal_IMG_0515.jpg,J.M.Garg,CC BY-SA 3.0,https://creativecommons.org/licenses/by-sa/3.0,Q862825,White breasted Waterhen I4-Bhopal IMG 0515.jpg,Amaurornis phoenicurus,2026-09-13
species/white_eyed_buzzard/wikimedia_01.jpg,"https://commons.wikimedia.org/wiki/File:White-eyed_Buzzard_(Butastur_teesa)_in_Kawal_WS,_AP_W_IMG_2038.jpg",J.M.Garg,CC BY-SA 4.0,https://creativecommons.org/licenses/by-sa/4.0,Q1268375,"White-eyed Buzzard (Butastur teesa) in Kawal WS, AP W IMG 2038.jpg",Butastur teesa,2026-09-13
species/white_mulberry/wikimedia_01.jpg,https://commons.wikimedia.org/wiki/File:Morus-alba.jpg,GerardM,CC BY-SA 2.1 es,https://creativecommons.org/licenses/by-sa/2.1/es/deed.en,Q157307,Morus-alba.jpg,Morus alba,2026-09-13
species/white_spotted_fantail/wikimedia_01.jpg,https://commons.wikimedia.org/wiki/File:White_browed_fantail_Mudumalai_(cropped).jpg,Anand Osuri,CC BY-SA 4.0,https://creativecommons.org/licenses/by-sa/4.0,Q369542,White browed fantail Mudumalai (cropped).jpg,Rhipidura aureola,2026-09-13
species/white_throated_kingfisher/wikimedia_01.jpg,"https://commons.wikimedia.org/wiki/File:Halcyon_smyrnensis_-Kerala,_India-8_(1).jpg","Manjith Kainickara from Dallas, Texas, USA",CC BY-SA 2.0,https://creativecommons.org/licenses/by-sa/2.0,Q735158,"Halcyon smyrnensis -Kerala, India-8 (1).jpg",Halcyon smyrnensis,2026-09-13
species/white_wagtail/wikimedia_01.jpg,https://commons.wikimedia.org/wiki/File:20180415_015_Winterswijk_Witte_kwikstaart_(40785272624).jpg,"Jac. Janssen from BAARLO LB, NL",CC BY 2.0,https://creativecommons.org/licenses/by/2.0,Q25399,20180415 015 Winterswijk Witte kwikstaart (40785272624).jpg,Motacilla alba,2026-09-13
species/wild_boar/wikimedia_01.jpg,"https://commons.wikimedia.org/wiki/File:Wildschwein,_N%C3%A4he_Pulverstampftor.jpg",Valentin Panzirsch,CC BY-SA 3.0 at,https://creativecommons.org/licenses/by-sa/3.0/at/deed.en,Q58697,"Wildschwein, Nähe Pulverstampftor.jpg",Sus scrofa,2026-09-13
species/wild_cape_gooseberry/wikimedia_01.jpg,https://commons.wikimedia.org/wiki/File:Physalis_minima_habit.jpg,Mark Marathon,CC BY-SA 3.0,https://creativecommons.org/licenses/by-sa/3.0,Q3595465,Physalis minima habit.jpg,Physalis minima,2026-09-13
species/wild_date_palm/wikimedia_01.jpg,https://commons.wikimedia.org/wiki/File:Phoenix_sylvestris_kz01.jpg,"Krzysztof Ziarnek, Kenraiz",CC BY-SA 4.0,https://creativecommons.org/licenses/by-sa/4.0,Q2285767,Phoenix sylvestris kz01.jpg,Phoenix sylvestris,2026-09-13
species/wild_passion_fruit/wikimedia_01.jpg,https://commons.wikimedia.org/wiki/File:Passiflora_foetida_fruits.JPG,B.navez,CC BY-SA 3.0,https://creativecommons.org/licenses/by-sa/3.0,Q1766333,Passiflora foetida fruits.JPG,Passiflora foetida,2026-09-13
species/wood_apple/wikimedia_01.jpg,"https://commons.wikimedia.org/wiki/File:Limonia_acidissima_syn_Limonia_elephantum_or_Fernonia_limonia_(wood-apple)_in_Talakona_forest,_AP_W_IMG_8333.jpg",J.M.Garg,CC BY-SA 4.0,https://creativecommons.org/licenses/by-sa/4.0,Q935616,"Limonia acidissima syn Limonia elephantum or Fernonia limonia (wood-apple) in Talakona forest, AP W IMG 8333.jpg",Limonia acidissima,2026-09-13
species/wood_ear_fungus/wikimedia_01.jpg,https://commons.wikimedia.org/wiki/File:Auricularia_auricula-judae_(xndr).jpg,No machine-readable author provided. Svdmolen assumed (based on copyright claims).,CC BY 2.5,https://creativecommons.org/licenses/by/2.5,Q321342,Auricularia auricula-judae (xndr).jpg,Auricularia auricula-judae,2026-09-13
species/yellow_berried_nightshade/wikimedia_01.jpg,https://commons.wikimedia.org/wiki/File:Solanum_virginianum_(8245207906).jpg,gailhampshire,CC BY 2.0,https://creativecommons.org/licenses/by/2.0,Q1483086,Solanum virginianum (8245207906).jpg,Solanum virginianum,2026-09-13
species/yellow_oleander/wikimedia_01.jpg,https://commons.wikimedia.org/wiki/File:Yellow_Oleander_(Thevetia_peruviana)_leaves_%26_flowers_in_Kolkata_W_IMG_8008.jpg,J.M.Garg,CC BY-SA 3.0,https://creativecommons.org/licenses/by-sa/3.0,Q10694475,Yellow Oleander (Thevetia peruviana) leaves & flowers in Kolkata W IMG 8008.jpg,Cascabela thevetia,2026-09-13
species/yellow_paper_wasp/wikimedia_01.jpg,https://commons.wikimedia.org/wiki/File:Yellow_paper_wasp_(Polistes_olivaceus)_Rarotonga.jpg,Charles J. Sharp,CC BY-SA 4.0,https://creativecommons.org/licenses/by-sa/4.0,Q14423457,Yellow paper wasp (Polistes olivaceus) Rarotonga.jpg,Polistes olivaceus,2026-09-13
species/yellow_stem_borer/wikimedia_01.jpg,https://commons.wikimedia.org/wiki/File:Scirpophaga_incertulas.jpg,Donald Hobern,CC BY 2.0,https://creativecommons.org/licenses/by/2.0,Q3595381,Scirpophaga incertulas.jpg,Scirpophaga incertulas,2026-09-13
species/zitting_cisticola/wikimedia_01.jpg,https://commons.wikimedia.org/wiki/File:Zitting_cisticola_2024_04_19_(cropped).jpg,Alexis Lours,CC BY 4.0,https://creativecommons.org/licenses/by/4.0,Q210791,Zitting cisticola 2024 04 19 (cropped).jpg,Cisticola juncidis,2026-09-13
